[25-Jan-2026 11:16:09 UTC] PHP Notice:  Undefined variable: db in /home/vaulbmln/public_html/pages/user/referals.php on line 12
[25-Jan-2026 11:16:09 UTC] PHP Notice:  Undefined variable: ref_code in /home/vaulbmln/public_html/pages/user/referals.php on line 619
[25-Jan-2026 11:16:17 UTC] PHP Notice:  Undefined offset: 1 in /home/vaulbmln/public_html/pages/user/boost.php on line 487
[25-Jan-2026 11:16:17 UTC] PHP Notice:  Undefined offset: 1 in /home/vaulbmln/public_html/pages/user/boost.php on line 488
[25-Jan-2026 11:16:17 UTC] PHP Notice:  Undefined offset: 1 in /home/vaulbmln/public_html/pages/user/boost.php on line 487
[25-Jan-2026 11:16:17 UTC] PHP Notice:  Undefined offset: 1 in /home/vaulbmln/public_html/pages/user/boost.php on line 488
[25-Jan-2026 11:16:17 UTC] PHP Notice:  Undefined offset: 1 in /home/vaulbmln/public_html/pages/user/boost.php on line 487
[25-Jan-2026 11:16:17 UTC] PHP Notice:  Undefined offset: 1 in /home/vaulbmln/public_html/pages/user/boost.php on line 488
[25-Jan-2026 11:16:17 UTC] PHP Notice:  Undefined offset: 1 in /home/vaulbmln/public_html/pages/user/boost.php on line 487
[25-Jan-2026 11:16:17 UTC] PHP Notice:  Undefined offset: 1 in /home/vaulbmln/public_html/pages/user/boost.php on line 488
[25-Jan-2026 11:16:17 UTC] PHP Notice:  Undefined offset: 1 in /home/vaulbmln/public_html/pages/user/boost.php on line 487
[25-Jan-2026 11:16:17 UTC] PHP Notice:  Undefined offset: 1 in /home/vaulbmln/public_html/pages/user/boost.php on line 488
[25-Jan-2026 11:16:17 UTC] PHP Notice:  Undefined offset: 1 in /home/vaulbmln/public_html/pages/user/boost.php on line 487
[25-Jan-2026 11:16:17 UTC] PHP Notice:  Undefined offset: 1 in /home/vaulbmln/public_html/pages/user/boost.php on line 488
[25-Jan-2026 11:16:17 UTC] PHP Notice:  Undefined offset: 1 in /home/vaulbmln/public_html/pages/user/boost.php on line 487
[25-Jan-2026 11:16:17 UTC] PHP Notice:  Undefined offset: 1 in /home/vaulbmln/public_html/pages/user/boost.php on line 488
[25-Jan-2026 11:16:17 UTC] PHP Notice:  Undefined offset: 1 in /home/vaulbmln/public_html/pages/user/boost.php on line 487
[25-Jan-2026 11:16:17 UTC] PHP Notice:  Undefined offset: 1 in /home/vaulbmln/public_html/pages/user/boost.php on line 488
[25-Jan-2026 11:16:17 UTC] PHP Notice:  Undefined offset: 1 in /home/vaulbmln/public_html/pages/user/boost.php on line 487
[25-Jan-2026 11:16:17 UTC] PHP Notice:  Undefined offset: 1 in /home/vaulbmln/public_html/pages/user/boost.php on line 488
[26-Jan-2026 01:10:55 UTC] PHP Notice:  Undefined variable: isAuth in /home/vaulbmln/public_html/pages/home.php on line 122
[26-Jan-2026 01:10:55 UTC] PHP Notice:  Undefined variable: loginUrl in /home/vaulbmln/public_html/pages/home.php on line 122
[26-Jan-2026 01:10:55 UTC] PHP Notice:  Undefined variable: isAuth in /home/vaulbmln/public_html/pages/home.php on line 122
[26-Jan-2026 01:10:55 UTC] PHP Notice:  Undefined variable: isAuth in /home/vaulbmln/public_html/pages/home.php on line 122
[26-Jan-2026 01:10:55 UTC] PHP Notice:  Undefined variable: loginUrl in /home/vaulbmln/public_html/pages/home.php on line 122
[26-Jan-2026 01:10:55 UTC] PHP Notice:  Undefined variable: isAuth in /home/vaulbmln/public_html/pages/home.php on line 122
[26-Jan-2026 01:10:55 UTC] PHP Notice:  Undefined variable: isAuth in /home/vaulbmln/public_html/pages/home.php on line 122
[26-Jan-2026 01:10:55 UTC] PHP Notice:  Undefined variable: loginUrl in /home/vaulbmln/public_html/pages/home.php on line 122
[26-Jan-2026 01:10:55 UTC] PHP Notice:  Undefined variable: isAuth in /home/vaulbmln/public_html/pages/home.php on line 122
[26-Jan-2026 01:10:55 UTC] PHP Notice:  Undefined variable: isAuth in /home/vaulbmln/public_html/pages/home.php on line 122
[26-Jan-2026 01:10:55 UTC] PHP Notice:  Undefined variable: loginUrl in /home/vaulbmln/public_html/pages/home.php on line 122
[26-Jan-2026 01:10:55 UTC] PHP Notice:  Undefined variable: isAuth in /home/vaulbmln/public_html/pages/home.php on line 122
[26-Jan-2026 01:10:55 UTC] PHP Notice:  Undefined variable: isAuth in /home/vaulbmln/public_html/pages/home.php on line 122
[26-Jan-2026 01:10:55 UTC] PHP Notice:  Undefined variable: loginUrl in /home/vaulbmln/public_html/pages/home.php on line 122
[26-Jan-2026 01:10:55 UTC] PHP Notice:  Undefined variable: isAuth in /home/vaulbmln/public_html/pages/home.php on line 122
[26-Jan-2026 01:10:55 UTC] PHP Notice:  Undefined variable: isAuth in /home/vaulbmln/public_html/pages/home.php on line 122
[26-Jan-2026 01:10:55 UTC] PHP Notice:  Undefined variable: loginUrl in /home/vaulbmln/public_html/pages/home.php on line 122
[26-Jan-2026 01:10:55 UTC] PHP Notice:  Undefined variable: isAuth in /home/vaulbmln/public_html/pages/home.php on line 122
[26-Jan-2026 01:10:55 UTC] PHP Notice:  Undefined variable: isAuth in /home/vaulbmln/public_html/pages/home.php on line 122
[26-Jan-2026 01:10:55 UTC] PHP Notice:  Undefined variable: loginUrl in /home/vaulbmln/public_html/pages/home.php on line 122
[26-Jan-2026 01:10:55 UTC] PHP Notice:  Undefined variable: isAuth in /home/vaulbmln/public_html/pages/home.php on line 122
[26-Jan-2026 01:10:55 UTC] PHP Notice:  Undefined variable: isAuth in /home/vaulbmln/public_html/pages/home.php on line 122
[26-Jan-2026 01:10:55 UTC] PHP Notice:  Undefined variable: loginUrl in /home/vaulbmln/public_html/pages/home.php on line 122
[26-Jan-2026 01:10:55 UTC] PHP Notice:  Undefined variable: isAuth in /home/vaulbmln/public_html/pages/home.php on line 122
[26-Jan-2026 01:11:07 UTC] PHP Notice:  Undefined variable: isAuth in /home/vaulbmln/public_html/pages/home.php on line 122
[26-Jan-2026 01:11:07 UTC] PHP Notice:  Undefined variable: loginUrl in /home/vaulbmln/public_html/pages/home.php on line 122
[26-Jan-2026 01:11:07 UTC] PHP Notice:  Undefined variable: isAuth in /home/vaulbmln/public_html/pages/home.php on line 122
[26-Jan-2026 01:11:07 UTC] PHP Notice:  Undefined variable: isAuth in /home/vaulbmln/public_html/pages/home.php on line 122
[26-Jan-2026 01:11:07 UTC] PHP Notice:  Undefined variable: loginUrl in /home/vaulbmln/public_html/pages/home.php on line 122
[26-Jan-2026 01:11:07 UTC] PHP Notice:  Undefined variable: isAuth in /home/vaulbmln/public_html/pages/home.php on line 122
[26-Jan-2026 01:11:07 UTC] PHP Notice:  Undefined variable: isAuth in /home/vaulbmln/public_html/pages/home.php on line 122
[26-Jan-2026 01:11:07 UTC] PHP Notice:  Undefined variable: loginUrl in /home/vaulbmln/public_html/pages/home.php on line 122
[26-Jan-2026 01:11:07 UTC] PHP Notice:  Undefined variable: isAuth in /home/vaulbmln/public_html/pages/home.php on line 122
[26-Jan-2026 01:11:07 UTC] PHP Notice:  Undefined variable: isAuth in /home/vaulbmln/public_html/pages/home.php on line 122
[26-Jan-2026 01:11:07 UTC] PHP Notice:  Undefined variable: loginUrl in /home/vaulbmln/public_html/pages/home.php on line 122
[26-Jan-2026 01:11:07 UTC] PHP Notice:  Undefined variable: isAuth in /home/vaulbmln/public_html/pages/home.php on line 122
[26-Jan-2026 01:11:07 UTC] PHP Notice:  Undefined variable: isAuth in /home/vaulbmln/public_html/pages/home.php on line 122
[26-Jan-2026 01:11:07 UTC] PHP Notice:  Undefined variable: loginUrl in /home/vaulbmln/public_html/pages/home.php on line 122
[26-Jan-2026 01:11:07 UTC] PHP Notice:  Undefined variable: isAuth in /home/vaulbmln/public_html/pages/home.php on line 122
[26-Jan-2026 01:11:07 UTC] PHP Notice:  Undefined variable: isAuth in /home/vaulbmln/public_html/pages/home.php on line 122
[26-Jan-2026 01:11:07 UTC] PHP Notice:  Undefined variable: loginUrl in /home/vaulbmln/public_html/pages/home.php on line 122
[26-Jan-2026 01:11:07 UTC] PHP Notice:  Undefined variable: isAuth in /home/vaulbmln/public_html/pages/home.php on line 122
[26-Jan-2026 01:11:07 UTC] PHP Notice:  Undefined variable: isAuth in /home/vaulbmln/public_html/pages/home.php on line 122
[26-Jan-2026 01:11:07 UTC] PHP Notice:  Undefined variable: loginUrl in /home/vaulbmln/public_html/pages/home.php on line 122
[26-Jan-2026 01:11:07 UTC] PHP Notice:  Undefined variable: isAuth in /home/vaulbmln/public_html/pages/home.php on line 122
[26-Jan-2026 01:11:07 UTC] PHP Notice:  Undefined variable: isAuth in /home/vaulbmln/public_html/pages/home.php on line 122
[26-Jan-2026 01:11:07 UTC] PHP Notice:  Undefined variable: loginUrl in /home/vaulbmln/public_html/pages/home.php on line 122
[26-Jan-2026 01:11:07 UTC] PHP Notice:  Undefined variable: isAuth in /home/vaulbmln/public_html/pages/home.php on line 122
[26-Jan-2026 01:11:11 UTC] PHP Notice:  Undefined variable: isAuth in /home/vaulbmln/public_html/pages/home.php on line 122
[26-Jan-2026 01:11:11 UTC] PHP Notice:  Undefined variable: loginUrl in /home/vaulbmln/public_html/pages/home.php on line 122
[26-Jan-2026 01:11:11 UTC] PHP Notice:  Undefined variable: isAuth in /home/vaulbmln/public_html/pages/home.php on line 122
[26-Jan-2026 01:11:11 UTC] PHP Notice:  Undefined variable: isAuth in /home/vaulbmln/public_html/pages/home.php on line 122
[26-Jan-2026 01:11:11 UTC] PHP Notice:  Undefined variable: loginUrl in /home/vaulbmln/public_html/pages/home.php on line 122
[26-Jan-2026 01:11:11 UTC] PHP Notice:  Undefined variable: isAuth in /home/vaulbmln/public_html/pages/home.php on line 122
[26-Jan-2026 01:11:11 UTC] PHP Notice:  Undefined variable: isAuth in /home/vaulbmln/public_html/pages/home.php on line 122
[26-Jan-2026 01:11:11 UTC] PHP Notice:  Undefined variable: loginUrl in /home/vaulbmln/public_html/pages/home.php on line 122
[26-Jan-2026 01:11:11 UTC] PHP Notice:  Undefined variable: isAuth in /home/vaulbmln/public_html/pages/home.php on line 122
[26-Jan-2026 01:11:11 UTC] PHP Notice:  Undefined variable: isAuth in /home/vaulbmln/public_html/pages/home.php on line 122
[26-Jan-2026 01:11:11 UTC] PHP Notice:  Undefined variable: loginUrl in /home/vaulbmln/public_html/pages/home.php on line 122
[26-Jan-2026 01:11:11 UTC] PHP Notice:  Undefined variable: isAuth in /home/vaulbmln/public_html/pages/home.php on line 122
[26-Jan-2026 01:11:11 UTC] PHP Notice:  Undefined variable: isAuth in /home/vaulbmln/public_html/pages/home.php on line 122
[26-Jan-2026 01:11:11 UTC] PHP Notice:  Undefined variable: loginUrl in /home/vaulbmln/public_html/pages/home.php on line 122
[26-Jan-2026 01:11:11 UTC] PHP Notice:  Undefined variable: isAuth in /home/vaulbmln/public_html/pages/home.php on line 122
[26-Jan-2026 01:11:11 UTC] PHP Notice:  Undefined variable: isAuth in /home/vaulbmln/public_html/pages/home.php on line 122
[26-Jan-2026 01:11:11 UTC] PHP Notice:  Undefined variable: loginUrl in /home/vaulbmln/public_html/pages/home.php on line 122
[26-Jan-2026 01:11:11 UTC] PHP Notice:  Undefined variable: isAuth in /home/vaulbmln/public_html/pages/home.php on line 122
[26-Jan-2026 01:11:11 UTC] PHP Notice:  Undefined variable: isAuth in /home/vaulbmln/public_html/pages/home.php on line 122
[26-Jan-2026 01:11:11 UTC] PHP Notice:  Undefined variable: loginUrl in /home/vaulbmln/public_html/pages/home.php on line 122
[26-Jan-2026 01:11:11 UTC] PHP Notice:  Undefined variable: isAuth in /home/vaulbmln/public_html/pages/home.php on line 122
[26-Jan-2026 01:11:11 UTC] PHP Notice:  Undefined variable: isAuth in /home/vaulbmln/public_html/pages/home.php on line 122
[26-Jan-2026 01:11:11 UTC] PHP Notice:  Undefined variable: loginUrl in /home/vaulbmln/public_html/pages/home.php on line 122
[26-Jan-2026 01:11:11 UTC] PHP Notice:  Undefined variable: isAuth in /home/vaulbmln/public_html/pages/home.php on line 122
[26-Jan-2026 01:46:47 UTC] PHP Notice:  Undefined index: icon in /home/vaulbmln/public_html/pages/home.php on line 429
[26-Jan-2026 01:46:47 UTC] PHP Notice:  Undefined index: label in /home/vaulbmln/public_html/pages/home.php on line 429
[26-Jan-2026 01:46:47 UTC] PHP Notice:  Undefined index: value in /home/vaulbmln/public_html/pages/home.php on line 430
[26-Jan-2026 01:46:47 UTC] PHP Notice:  Undefined index: icon in /home/vaulbmln/public_html/pages/home.php on line 429
[26-Jan-2026 01:46:47 UTC] PHP Notice:  Undefined index: label in /home/vaulbmln/public_html/pages/home.php on line 429
[26-Jan-2026 01:46:47 UTC] PHP Notice:  Undefined index: value in /home/vaulbmln/public_html/pages/home.php on line 430
[26-Jan-2026 01:46:47 UTC] PHP Notice:  Undefined index: icon in /home/vaulbmln/public_html/pages/home.php on line 429
[26-Jan-2026 01:46:47 UTC] PHP Notice:  Undefined index: label in /home/vaulbmln/public_html/pages/home.php on line 429
[26-Jan-2026 01:46:47 UTC] PHP Notice:  Undefined index: value in /home/vaulbmln/public_html/pages/home.php on line 430
[26-Jan-2026 01:46:47 UTC] PHP Notice:  Undefined index: icon in /home/vaulbmln/public_html/pages/home.php on line 429
[26-Jan-2026 01:46:47 UTC] PHP Notice:  Undefined index: label in /home/vaulbmln/public_html/pages/home.php on line 429
[26-Jan-2026 01:46:47 UTC] PHP Notice:  Undefined index: value in /home/vaulbmln/public_html/pages/home.php on line 430
[26-Jan-2026 01:46:47 UTC] PHP Notice:  Undefined index: icon in /home/vaulbmln/public_html/pages/home.php on line 429
[26-Jan-2026 01:46:47 UTC] PHP Notice:  Undefined index: label in /home/vaulbmln/public_html/pages/home.php on line 429
[26-Jan-2026 01:46:47 UTC] PHP Notice:  Undefined index: value in /home/vaulbmln/public_html/pages/home.php on line 430
[26-Jan-2026 01:46:47 UTC] PHP Notice:  Undefined index: icon in /home/vaulbmln/public_html/pages/home.php on line 429
[26-Jan-2026 01:46:47 UTC] PHP Notice:  Undefined index: label in /home/vaulbmln/public_html/pages/home.php on line 429
[26-Jan-2026 01:46:47 UTC] PHP Notice:  Undefined index: value in /home/vaulbmln/public_html/pages/home.php on line 430
[26-Jan-2026 01:46:47 UTC] PHP Notice:  Undefined index: icon in /home/vaulbmln/public_html/pages/home.php on line 429
[26-Jan-2026 01:46:47 UTC] PHP Notice:  Undefined index: label in /home/vaulbmln/public_html/pages/home.php on line 429
[26-Jan-2026 01:46:47 UTC] PHP Notice:  Undefined index: value in /home/vaulbmln/public_html/pages/home.php on line 430
[26-Jan-2026 01:46:47 UTC] PHP Notice:  Undefined index: icon in /home/vaulbmln/public_html/pages/home.php on line 429
[26-Jan-2026 01:46:47 UTC] PHP Notice:  Undefined index: label in /home/vaulbmln/public_html/pages/home.php on line 429
[26-Jan-2026 01:46:47 UTC] PHP Notice:  Undefined index: value in /home/vaulbmln/public_html/pages/home.php on line 430
[26-Jan-2026 01:46:47 UTC] PHP Notice:  Undefined index: icon in /home/vaulbmln/public_html/pages/home.php on line 429
[26-Jan-2026 01:46:47 UTC] PHP Notice:  Undefined index: label in /home/vaulbmln/public_html/pages/home.php on line 429
[26-Jan-2026 01:46:47 UTC] PHP Notice:  Undefined index: value in /home/vaulbmln/public_html/pages/home.php on line 430
[26-Jan-2026 01:46:47 UTC] PHP Notice:  Undefined index: icon in /home/vaulbmln/public_html/pages/home.php on line 429
[26-Jan-2026 01:46:47 UTC] PHP Notice:  Undefined index: label in /home/vaulbmln/public_html/pages/home.php on line 429
[26-Jan-2026 01:46:47 UTC] PHP Notice:  Undefined index: value in /home/vaulbmln/public_html/pages/home.php on line 430
[26-Jan-2026 01:46:47 UTC] PHP Notice:  Undefined index: icon in /home/vaulbmln/public_html/pages/home.php on line 429
[26-Jan-2026 01:46:47 UTC] PHP Notice:  Undefined index: label in /home/vaulbmln/public_html/pages/home.php on line 429
[26-Jan-2026 01:46:47 UTC] PHP Notice:  Undefined index: value in /home/vaulbmln/public_html/pages/home.php on line 430
[26-Jan-2026 01:46:47 UTC] PHP Notice:  Undefined index: icon in /home/vaulbmln/public_html/pages/home.php on line 429
[26-Jan-2026 01:46:47 UTC] PHP Notice:  Undefined index: label in /home/vaulbmln/public_html/pages/home.php on line 429
[26-Jan-2026 01:46:47 UTC] PHP Notice:  Undefined index: value in /home/vaulbmln/public_html/pages/home.php on line 430
[26-Jan-2026 01:46:47 UTC] PHP Notice:  Undefined index: icon in /home/vaulbmln/public_html/pages/home.php on line 429
[26-Jan-2026 01:46:47 UTC] PHP Notice:  Undefined index: label in /home/vaulbmln/public_html/pages/home.php on line 429
[26-Jan-2026 01:46:47 UTC] PHP Notice:  Undefined index: value in /home/vaulbmln/public_html/pages/home.php on line 430
[26-Jan-2026 01:46:47 UTC] PHP Notice:  Undefined index: icon in /home/vaulbmln/public_html/pages/home.php on line 429
[26-Jan-2026 01:46:47 UTC] PHP Notice:  Undefined index: label in /home/vaulbmln/public_html/pages/home.php on line 429
[26-Jan-2026 01:46:47 UTC] PHP Notice:  Undefined index: value in /home/vaulbmln/public_html/pages/home.php on line 430
[26-Jan-2026 01:46:47 UTC] PHP Notice:  Undefined index: icon in /home/vaulbmln/public_html/pages/home.php on line 429
[26-Jan-2026 01:46:47 UTC] PHP Notice:  Undefined index: label in /home/vaulbmln/public_html/pages/home.php on line 429
[26-Jan-2026 01:46:47 UTC] PHP Notice:  Undefined index: value in /home/vaulbmln/public_html/pages/home.php on line 430
[26-Jan-2026 01:46:47 UTC] PHP Notice:  Undefined index: icon in /home/vaulbmln/public_html/pages/home.php on line 429
[26-Jan-2026 01:46:47 UTC] PHP Notice:  Undefined index: label in /home/vaulbmln/public_html/pages/home.php on line 429
[26-Jan-2026 01:46:47 UTC] PHP Notice:  Undefined index: value in /home/vaulbmln/public_html/pages/home.php on line 430
[26-Jan-2026 01:46:47 UTC] PHP Notice:  Undefined index: icon in /home/vaulbmln/public_html/pages/home.php on line 429
[26-Jan-2026 01:46:47 UTC] PHP Notice:  Undefined index: label in /home/vaulbmln/public_html/pages/home.php on line 429
[26-Jan-2026 01:46:47 UTC] PHP Notice:  Undefined index: value in /home/vaulbmln/public_html/pages/home.php on line 430
[26-Jan-2026 01:46:47 UTC] PHP Notice:  Undefined index: icon in /home/vaulbmln/public_html/pages/home.php on line 429
[26-Jan-2026 01:46:47 UTC] PHP Notice:  Undefined index: label in /home/vaulbmln/public_html/pages/home.php on line 429
[26-Jan-2026 01:46:47 UTC] PHP Notice:  Undefined index: value in /home/vaulbmln/public_html/pages/home.php on line 430
[26-Jan-2026 01:46:47 UTC] PHP Notice:  Undefined index: icon in /home/vaulbmln/public_html/pages/home.php on line 429
[26-Jan-2026 01:46:47 UTC] PHP Notice:  Undefined index: label in /home/vaulbmln/public_html/pages/home.php on line 429
[26-Jan-2026 01:46:47 UTC] PHP Notice:  Undefined index: value in /home/vaulbmln/public_html/pages/home.php on line 430
[26-Jan-2026 01:46:47 UTC] PHP Notice:  Undefined index: icon in /home/vaulbmln/public_html/pages/home.php on line 429
[26-Jan-2026 01:46:47 UTC] PHP Notice:  Undefined index: label in /home/vaulbmln/public_html/pages/home.php on line 429
[26-Jan-2026 01:46:47 UTC] PHP Notice:  Undefined index: value in /home/vaulbmln/public_html/pages/home.php on line 430
[26-Jan-2026 01:46:47 UTC] PHP Notice:  Undefined index: icon in /home/vaulbmln/public_html/pages/home.php on line 429
[26-Jan-2026 01:46:47 UTC] PHP Notice:  Undefined index: label in /home/vaulbmln/public_html/pages/home.php on line 429
[26-Jan-2026 01:46:47 UTC] PHP Notice:  Undefined index: value in /home/vaulbmln/public_html/pages/home.php on line 430
[26-Jan-2026 01:46:47 UTC] PHP Notice:  Undefined index: icon in /home/vaulbmln/public_html/pages/home.php on line 429
[26-Jan-2026 01:46:47 UTC] PHP Notice:  Undefined index: label in /home/vaulbmln/public_html/pages/home.php on line 429
[26-Jan-2026 01:46:47 UTC] PHP Notice:  Undefined index: value in /home/vaulbmln/public_html/pages/home.php on line 430
[26-Jan-2026 01:46:47 UTC] PHP Notice:  Undefined index: icon in /home/vaulbmln/public_html/pages/home.php on line 429
[26-Jan-2026 01:46:47 UTC] PHP Notice:  Undefined index: label in /home/vaulbmln/public_html/pages/home.php on line 429
[26-Jan-2026 01:46:47 UTC] PHP Notice:  Undefined index: value in /home/vaulbmln/public_html/pages/home.php on line 430
[26-Jan-2026 01:46:47 UTC] PHP Notice:  Undefined index: icon in /home/vaulbmln/public_html/pages/home.php on line 429
[26-Jan-2026 01:46:47 UTC] PHP Notice:  Undefined index: label in /home/vaulbmln/public_html/pages/home.php on line 429
[26-Jan-2026 01:46:47 UTC] PHP Notice:  Undefined index: value in /home/vaulbmln/public_html/pages/home.php on line 430
[26-Jan-2026 01:46:47 UTC] PHP Notice:  Undefined index: icon in /home/vaulbmln/public_html/pages/home.php on line 429
[26-Jan-2026 01:46:47 UTC] PHP Notice:  Undefined index: label in /home/vaulbmln/public_html/pages/home.php on line 429
[26-Jan-2026 01:46:47 UTC] PHP Notice:  Undefined index: value in /home/vaulbmln/public_html/pages/home.php on line 430
[26-Jan-2026 01:46:47 UTC] PHP Notice:  Undefined index: icon in /home/vaulbmln/public_html/pages/home.php on line 429
[26-Jan-2026 01:46:47 UTC] PHP Notice:  Undefined index: label in /home/vaulbmln/public_html/pages/home.php on line 429
[26-Jan-2026 01:46:47 UTC] PHP Notice:  Undefined index: value in /home/vaulbmln/public_html/pages/home.php on line 430
[26-Jan-2026 01:46:47 UTC] PHP Notice:  Undefined index: icon in /home/vaulbmln/public_html/pages/home.php on line 429
[26-Jan-2026 01:46:47 UTC] PHP Notice:  Undefined index: label in /home/vaulbmln/public_html/pages/home.php on line 429
[26-Jan-2026 01:46:47 UTC] PHP Notice:  Undefined index: value in /home/vaulbmln/public_html/pages/home.php on line 430
[26-Jan-2026 01:46:47 UTC] PHP Notice:  Undefined index: icon in /home/vaulbmln/public_html/pages/home.php on line 429
[26-Jan-2026 01:46:47 UTC] PHP Notice:  Undefined index: label in /home/vaulbmln/public_html/pages/home.php on line 429
[26-Jan-2026 01:46:47 UTC] PHP Notice:  Undefined index: value in /home/vaulbmln/public_html/pages/home.php on line 430
[26-Jan-2026 01:46:47 UTC] PHP Notice:  Undefined index: icon in /home/vaulbmln/public_html/pages/home.php on line 429
[26-Jan-2026 01:46:47 UTC] PHP Notice:  Undefined index: label in /home/vaulbmln/public_html/pages/home.php on line 429
[26-Jan-2026 01:46:47 UTC] PHP Notice:  Undefined index: value in /home/vaulbmln/public_html/pages/home.php on line 430
[26-Jan-2026 01:46:47 UTC] PHP Notice:  Undefined index: icon in /home/vaulbmln/public_html/pages/home.php on line 429
[26-Jan-2026 01:46:47 UTC] PHP Notice:  Undefined index: label in /home/vaulbmln/public_html/pages/home.php on line 429
[26-Jan-2026 01:46:47 UTC] PHP Notice:  Undefined index: value in /home/vaulbmln/public_html/pages/home.php on line 430
[26-Jan-2026 01:46:47 UTC] PHP Notice:  Undefined index: icon in /home/vaulbmln/public_html/pages/home.php on line 429
[26-Jan-2026 01:46:47 UTC] PHP Notice:  Undefined index: label in /home/vaulbmln/public_html/pages/home.php on line 429
[26-Jan-2026 01:46:47 UTC] PHP Notice:  Undefined index: value in /home/vaulbmln/public_html/pages/home.php on line 430
[26-Jan-2026 01:46:47 UTC] PHP Notice:  Undefined index: icon in /home/vaulbmln/public_html/pages/home.php on line 429
[26-Jan-2026 01:46:47 UTC] PHP Notice:  Undefined index: label in /home/vaulbmln/public_html/pages/home.php on line 429
[26-Jan-2026 01:46:47 UTC] PHP Notice:  Undefined index: value in /home/vaulbmln/public_html/pages/home.php on line 430
[26-Jan-2026 01:46:47 UTC] PHP Notice:  Undefined index: icon in /home/vaulbmln/public_html/pages/home.php on line 429
[26-Jan-2026 01:46:47 UTC] PHP Notice:  Undefined index: label in /home/vaulbmln/public_html/pages/home.php on line 429
[26-Jan-2026 01:46:47 UTC] PHP Notice:  Undefined index: value in /home/vaulbmln/public_html/pages/home.php on line 430
[26-Jan-2026 01:46:47 UTC] PHP Notice:  Undefined index: icon in /home/vaulbmln/public_html/pages/home.php on line 429
[26-Jan-2026 01:46:47 UTC] PHP Notice:  Undefined index: label in /home/vaulbmln/public_html/pages/home.php on line 429
[26-Jan-2026 01:46:47 UTC] PHP Notice:  Undefined index: value in /home/vaulbmln/public_html/pages/home.php on line 430
[26-Jan-2026 01:46:47 UTC] PHP Notice:  Undefined index: icon in /home/vaulbmln/public_html/pages/home.php on line 429
[26-Jan-2026 01:46:47 UTC] PHP Notice:  Undefined index: label in /home/vaulbmln/public_html/pages/home.php on line 429
[26-Jan-2026 01:46:47 UTC] PHP Notice:  Undefined index: value in /home/vaulbmln/public_html/pages/home.php on line 430
[26-Jan-2026 01:46:47 UTC] PHP Notice:  Undefined index: icon in /home/vaulbmln/public_html/pages/home.php on line 429
[26-Jan-2026 01:46:47 UTC] PHP Notice:  Undefined index: label in /home/vaulbmln/public_html/pages/home.php on line 429
[26-Jan-2026 01:46:47 UTC] PHP Notice:  Undefined index: value in /home/vaulbmln/public_html/pages/home.php on line 430
[26-Jan-2026 01:46:47 UTC] PHP Notice:  Undefined index: icon in /home/vaulbmln/public_html/pages/home.php on line 429
[26-Jan-2026 01:46:47 UTC] PHP Notice:  Undefined index: label in /home/vaulbmln/public_html/pages/home.php on line 429
[26-Jan-2026 01:46:47 UTC] PHP Notice:  Undefined index: value in /home/vaulbmln/public_html/pages/home.php on line 430
[26-Jan-2026 01:46:47 UTC] PHP Notice:  Undefined index: icon in /home/vaulbmln/public_html/pages/home.php on line 429
[26-Jan-2026 01:46:47 UTC] PHP Notice:  Undefined index: label in /home/vaulbmln/public_html/pages/home.php on line 429
[26-Jan-2026 01:46:47 UTC] PHP Notice:  Undefined index: value in /home/vaulbmln/public_html/pages/home.php on line 430
[26-Jan-2026 01:46:47 UTC] PHP Notice:  Undefined index: icon in /home/vaulbmln/public_html/pages/home.php on line 429
[26-Jan-2026 01:46:47 UTC] PHP Notice:  Undefined index: label in /home/vaulbmln/public_html/pages/home.php on line 429
[26-Jan-2026 01:46:47 UTC] PHP Notice:  Undefined index: value in /home/vaulbmln/public_html/pages/home.php on line 430
[26-Jan-2026 01:46:47 UTC] PHP Notice:  Undefined index: icon in /home/vaulbmln/public_html/pages/home.php on line 429
[26-Jan-2026 01:46:47 UTC] PHP Notice:  Undefined index: label in /home/vaulbmln/public_html/pages/home.php on line 429
[26-Jan-2026 01:46:47 UTC] PHP Notice:  Undefined index: value in /home/vaulbmln/public_html/pages/home.php on line 430
[26-Jan-2026 01:46:47 UTC] PHP Notice:  Undefined index: icon in /home/vaulbmln/public_html/pages/home.php on line 429
[26-Jan-2026 01:46:47 UTC] PHP Notice:  Undefined index: label in /home/vaulbmln/public_html/pages/home.php on line 429
[26-Jan-2026 01:46:47 UTC] PHP Notice:  Undefined index: value in /home/vaulbmln/public_html/pages/home.php on line 430
[26-Jan-2026 01:46:47 UTC] PHP Notice:  Undefined index: icon in /home/vaulbmln/public_html/pages/home.php on line 429
[26-Jan-2026 01:46:47 UTC] PHP Notice:  Undefined index: label in /home/vaulbmln/public_html/pages/home.php on line 429
[26-Jan-2026 01:46:47 UTC] PHP Notice:  Undefined index: value in /home/vaulbmln/public_html/pages/home.php on line 430
[26-Jan-2026 01:46:47 UTC] PHP Notice:  Undefined index: icon in /home/vaulbmln/public_html/pages/home.php on line 429
[26-Jan-2026 01:46:47 UTC] PHP Notice:  Undefined index: label in /home/vaulbmln/public_html/pages/home.php on line 429
[26-Jan-2026 01:46:47 UTC] PHP Notice:  Undefined index: value in /home/vaulbmln/public_html/pages/home.php on line 430
[26-Jan-2026 01:46:47 UTC] PHP Notice:  Undefined index: icon in /home/vaulbmln/public_html/pages/home.php on line 429
[26-Jan-2026 01:46:47 UTC] PHP Notice:  Undefined index: label in /home/vaulbmln/public_html/pages/home.php on line 429
[26-Jan-2026 01:46:47 UTC] PHP Notice:  Undefined index: value in /home/vaulbmln/public_html/pages/home.php on line 430
[26-Jan-2026 01:46:47 UTC] PHP Notice:  Undefined index: icon in /home/vaulbmln/public_html/pages/home.php on line 429
[26-Jan-2026 01:46:47 UTC] PHP Notice:  Undefined index: label in /home/vaulbmln/public_html/pages/home.php on line 429
[26-Jan-2026 01:46:47 UTC] PHP Notice:  Undefined index: value in /home/vaulbmln/public_html/pages/home.php on line 430
[26-Jan-2026 01:46:47 UTC] PHP Notice:  Undefined index: icon in /home/vaulbmln/public_html/pages/home.php on line 429
[26-Jan-2026 01:46:47 UTC] PHP Notice:  Undefined index: label in /home/vaulbmln/public_html/pages/home.php on line 429
[26-Jan-2026 01:46:47 UTC] PHP Notice:  Undefined index: value in /home/vaulbmln/public_html/pages/home.php on line 430
[26-Jan-2026 01:46:47 UTC] PHP Notice:  Undefined index: icon in /home/vaulbmln/public_html/pages/home.php on line 429
[26-Jan-2026 01:46:47 UTC] PHP Notice:  Undefined index: label in /home/vaulbmln/public_html/pages/home.php on line 429
[26-Jan-2026 01:46:47 UTC] PHP Notice:  Undefined index: value in /home/vaulbmln/public_html/pages/home.php on line 430
[26-Jan-2026 01:46:47 UTC] PHP Notice:  Undefined index: icon in /home/vaulbmln/public_html/pages/home.php on line 429
[26-Jan-2026 01:46:47 UTC] PHP Notice:  Undefined index: label in /home/vaulbmln/public_html/pages/home.php on line 429
[26-Jan-2026 01:46:47 UTC] PHP Notice:  Undefined index: value in /home/vaulbmln/public_html/pages/home.php on line 430
[26-Jan-2026 01:58:20 UTC] [VX][DB] MySQL execution error: Duplicate entry '3' for key 'vx_seasons_no_uq' | SQL: INSERT INTO vx_seasons (season_no, starts_at, ends_at, created_at, is_locked) VALUES (?, ?, ?, ?, 0)
[26-Jan-2026 02:09:16 UTC] PHP Notice:  Undefined variable: k in /home/vaulbmln/public_html/pages/home.php on line 432
[26-Jan-2026 02:09:16 UTC] PHP Notice:  Undefined variable: k in /home/vaulbmln/public_html/pages/home.php on line 432
[26-Jan-2026 02:09:16 UTC] PHP Notice:  Undefined variable: k in /home/vaulbmln/public_html/pages/home.php on line 432
[26-Jan-2026 02:09:16 UTC] PHP Notice:  Undefined variable: k in /home/vaulbmln/public_html/pages/home.php on line 432
[26-Jan-2026 02:09:16 UTC] PHP Notice:  Undefined variable: k in /home/vaulbmln/public_html/pages/home.php on line 432
[26-Jan-2026 02:09:16 UTC] PHP Notice:  Undefined variable: k in /home/vaulbmln/public_html/pages/home.php on line 432
[26-Jan-2026 02:09:16 UTC] PHP Notice:  Undefined variable: k in /home/vaulbmln/public_html/pages/home.php on line 432
[26-Jan-2026 02:09:16 UTC] PHP Notice:  Undefined variable: k in /home/vaulbmln/public_html/pages/home.php on line 432
[26-Jan-2026 02:09:16 UTC] PHP Notice:  Undefined variable: k in /home/vaulbmln/public_html/pages/home.php on line 432
[26-Jan-2026 02:09:16 UTC] PHP Notice:  Undefined variable: k in /home/vaulbmln/public_html/pages/home.php on line 432
[26-Jan-2026 02:09:16 UTC] PHP Notice:  Undefined variable: k in /home/vaulbmln/public_html/pages/home.php on line 432
[26-Jan-2026 02:09:16 UTC] PHP Notice:  Undefined variable: k in /home/vaulbmln/public_html/pages/home.php on line 432
[26-Jan-2026 02:09:16 UTC] PHP Notice:  Undefined variable: k in /home/vaulbmln/public_html/pages/home.php on line 432
[26-Jan-2026 02:09:16 UTC] PHP Notice:  Undefined variable: k in /home/vaulbmln/public_html/pages/home.php on line 432
[26-Jan-2026 02:09:16 UTC] PHP Notice:  Undefined variable: k in /home/vaulbmln/public_html/pages/home.php on line 432
[26-Jan-2026 02:09:16 UTC] PHP Notice:  Undefined variable: k in /home/vaulbmln/public_html/pages/home.php on line 432
[26-Jan-2026 02:09:16 UTC] PHP Notice:  Undefined variable: k in /home/vaulbmln/public_html/pages/home.php on line 432
[26-Jan-2026 02:09:16 UTC] PHP Notice:  Undefined variable: k in /home/vaulbmln/public_html/pages/home.php on line 432
[26-Jan-2026 02:09:16 UTC] PHP Notice:  Undefined variable: k in /home/vaulbmln/public_html/pages/home.php on line 432
[26-Jan-2026 02:09:16 UTC] PHP Notice:  Undefined variable: k in /home/vaulbmln/public_html/pages/home.php on line 432
[26-Jan-2026 02:09:16 UTC] PHP Notice:  Undefined variable: k in /home/vaulbmln/public_html/pages/home.php on line 432
[26-Jan-2026 02:09:16 UTC] PHP Notice:  Undefined variable: k in /home/vaulbmln/public_html/pages/home.php on line 432
[26-Jan-2026 02:09:16 UTC] PHP Notice:  Undefined variable: k in /home/vaulbmln/public_html/pages/home.php on line 432
[26-Jan-2026 02:09:16 UTC] PHP Notice:  Undefined variable: k in /home/vaulbmln/public_html/pages/home.php on line 432
[26-Jan-2026 02:09:16 UTC] PHP Notice:  Undefined variable: k in /home/vaulbmln/public_html/pages/home.php on line 432
[26-Jan-2026 02:09:16 UTC] PHP Notice:  Undefined variable: k in /home/vaulbmln/public_html/pages/home.php on line 432
[26-Jan-2026 02:09:16 UTC] PHP Notice:  Undefined variable: k in /home/vaulbmln/public_html/pages/home.php on line 432
[26-Jan-2026 02:09:16 UTC] PHP Notice:  Undefined variable: k in /home/vaulbmln/public_html/pages/home.php on line 432
[26-Jan-2026 02:09:16 UTC] PHP Notice:  Undefined variable: k in /home/vaulbmln/public_html/pages/home.php on line 432
[26-Jan-2026 02:09:16 UTC] PHP Notice:  Undefined variable: k in /home/vaulbmln/public_html/pages/home.php on line 432
[26-Jan-2026 02:09:16 UTC] PHP Notice:  Undefined variable: k in /home/vaulbmln/public_html/pages/home.php on line 432
[26-Jan-2026 02:09:16 UTC] PHP Notice:  Undefined variable: k in /home/vaulbmln/public_html/pages/home.php on line 432
[26-Jan-2026 02:09:16 UTC] PHP Notice:  Undefined variable: k in /home/vaulbmln/public_html/pages/home.php on line 432
[26-Jan-2026 02:09:16 UTC] PHP Notice:  Undefined variable: k in /home/vaulbmln/public_html/pages/home.php on line 432
[26-Jan-2026 02:09:16 UTC] PHP Notice:  Undefined variable: k in /home/vaulbmln/public_html/pages/home.php on line 432
[26-Jan-2026 02:09:16 UTC] PHP Notice:  Undefined variable: k in /home/vaulbmln/public_html/pages/home.php on line 432
[26-Jan-2026 02:09:16 UTC] PHP Notice:  Undefined variable: k in /home/vaulbmln/public_html/pages/home.php on line 432
[26-Jan-2026 02:09:16 UTC] PHP Notice:  Undefined variable: k in /home/vaulbmln/public_html/pages/home.php on line 432
[26-Jan-2026 02:09:16 UTC] PHP Notice:  Undefined variable: k in /home/vaulbmln/public_html/pages/home.php on line 432
[26-Jan-2026 02:09:16 UTC] PHP Notice:  Undefined variable: k in /home/vaulbmln/public_html/pages/home.php on line 432
[26-Jan-2026 02:09:16 UTC] PHP Notice:  Undefined variable: k in /home/vaulbmln/public_html/pages/home.php on line 432
[26-Jan-2026 02:09:16 UTC] PHP Notice:  Undefined variable: k in /home/vaulbmln/public_html/pages/home.php on line 432
[26-Jan-2026 02:09:16 UTC] PHP Notice:  Undefined variable: k in /home/vaulbmln/public_html/pages/home.php on line 432
[26-Jan-2026 02:09:16 UTC] PHP Notice:  Undefined variable: k in /home/vaulbmln/public_html/pages/home.php on line 432
[26-Jan-2026 02:09:16 UTC] PHP Notice:  Undefined variable: k in /home/vaulbmln/public_html/pages/home.php on line 432
[26-Jan-2026 02:09:16 UTC] PHP Notice:  Undefined variable: k in /home/vaulbmln/public_html/pages/home.php on line 432
[26-Jan-2026 02:09:16 UTC] PHP Notice:  Undefined variable: k in /home/vaulbmln/public_html/pages/home.php on line 432
[26-Jan-2026 02:09:16 UTC] PHP Notice:  Undefined variable: k in /home/vaulbmln/public_html/pages/home.php on line 432
[26-Jan-2026 02:22:36 UTC] PHP Notice:  Undefined variable: k in /home/vaulbmln/public_html/pages/home.php on line 432
[26-Jan-2026 02:22:36 UTC] PHP Notice:  Undefined variable: k in /home/vaulbmln/public_html/pages/home.php on line 432
[26-Jan-2026 02:22:36 UTC] PHP Notice:  Undefined variable: k in /home/vaulbmln/public_html/pages/home.php on line 432
[26-Jan-2026 02:22:36 UTC] PHP Notice:  Undefined variable: k in /home/vaulbmln/public_html/pages/home.php on line 432
[26-Jan-2026 02:22:36 UTC] PHP Notice:  Undefined variable: k in /home/vaulbmln/public_html/pages/home.php on line 432
[26-Jan-2026 02:22:36 UTC] PHP Notice:  Undefined variable: k in /home/vaulbmln/public_html/pages/home.php on line 432
[26-Jan-2026 02:22:36 UTC] PHP Notice:  Undefined variable: k in /home/vaulbmln/public_html/pages/home.php on line 432
[26-Jan-2026 02:22:36 UTC] PHP Notice:  Undefined variable: k in /home/vaulbmln/public_html/pages/home.php on line 432
[26-Jan-2026 02:22:36 UTC] PHP Notice:  Undefined variable: k in /home/vaulbmln/public_html/pages/home.php on line 432
[26-Jan-2026 02:22:36 UTC] PHP Notice:  Undefined variable: k in /home/vaulbmln/public_html/pages/home.php on line 432
[26-Jan-2026 02:22:36 UTC] PHP Notice:  Undefined variable: k in /home/vaulbmln/public_html/pages/home.php on line 432
[26-Jan-2026 02:22:36 UTC] PHP Notice:  Undefined variable: k in /home/vaulbmln/public_html/pages/home.php on line 432
[26-Jan-2026 02:22:36 UTC] PHP Notice:  Undefined variable: k in /home/vaulbmln/public_html/pages/home.php on line 432
[26-Jan-2026 02:22:36 UTC] PHP Notice:  Undefined variable: k in /home/vaulbmln/public_html/pages/home.php on line 432
[26-Jan-2026 02:22:36 UTC] PHP Notice:  Undefined variable: k in /home/vaulbmln/public_html/pages/home.php on line 432
[26-Jan-2026 02:22:36 UTC] PHP Notice:  Undefined variable: k in /home/vaulbmln/public_html/pages/home.php on line 432
[26-Jan-2026 02:22:36 UTC] PHP Notice:  Undefined variable: k in /home/vaulbmln/public_html/pages/home.php on line 432
[26-Jan-2026 02:22:36 UTC] PHP Notice:  Undefined variable: k in /home/vaulbmln/public_html/pages/home.php on line 432
[26-Jan-2026 02:22:36 UTC] PHP Notice:  Undefined variable: k in /home/vaulbmln/public_html/pages/home.php on line 432
[26-Jan-2026 02:22:36 UTC] PHP Notice:  Undefined variable: k in /home/vaulbmln/public_html/pages/home.php on line 432
[26-Jan-2026 02:22:36 UTC] PHP Notice:  Undefined variable: k in /home/vaulbmln/public_html/pages/home.php on line 432
[26-Jan-2026 02:22:36 UTC] PHP Notice:  Undefined variable: k in /home/vaulbmln/public_html/pages/home.php on line 432
[26-Jan-2026 02:22:36 UTC] PHP Notice:  Undefined variable: k in /home/vaulbmln/public_html/pages/home.php on line 432
[26-Jan-2026 02:22:36 UTC] PHP Notice:  Undefined variable: k in /home/vaulbmln/public_html/pages/home.php on line 432
[26-Jan-2026 02:22:36 UTC] PHP Notice:  Undefined variable: k in /home/vaulbmln/public_html/pages/home.php on line 432
[26-Jan-2026 02:22:36 UTC] PHP Notice:  Undefined variable: k in /home/vaulbmln/public_html/pages/home.php on line 432
[26-Jan-2026 02:22:36 UTC] PHP Notice:  Undefined variable: k in /home/vaulbmln/public_html/pages/home.php on line 432
[26-Jan-2026 02:22:36 UTC] PHP Notice:  Undefined variable: k in /home/vaulbmln/public_html/pages/home.php on line 432
[26-Jan-2026 02:22:36 UTC] PHP Notice:  Undefined variable: k in /home/vaulbmln/public_html/pages/home.php on line 432
[26-Jan-2026 02:22:36 UTC] PHP Notice:  Undefined variable: k in /home/vaulbmln/public_html/pages/home.php on line 432
[26-Jan-2026 02:22:36 UTC] PHP Notice:  Undefined variable: k in /home/vaulbmln/public_html/pages/home.php on line 432
[26-Jan-2026 02:22:36 UTC] PHP Notice:  Undefined variable: k in /home/vaulbmln/public_html/pages/home.php on line 432
[26-Jan-2026 02:22:36 UTC] PHP Notice:  Undefined variable: k in /home/vaulbmln/public_html/pages/home.php on line 432
[26-Jan-2026 02:22:36 UTC] PHP Notice:  Undefined variable: k in /home/vaulbmln/public_html/pages/home.php on line 432
[26-Jan-2026 02:22:36 UTC] PHP Notice:  Undefined variable: k in /home/vaulbmln/public_html/pages/home.php on line 432
[26-Jan-2026 02:22:36 UTC] PHP Notice:  Undefined variable: k in /home/vaulbmln/public_html/pages/home.php on line 432
[26-Jan-2026 02:22:36 UTC] PHP Notice:  Undefined variable: k in /home/vaulbmln/public_html/pages/home.php on line 432
[26-Jan-2026 02:22:36 UTC] PHP Notice:  Undefined variable: k in /home/vaulbmln/public_html/pages/home.php on line 432
[26-Jan-2026 02:22:36 UTC] PHP Notice:  Undefined variable: k in /home/vaulbmln/public_html/pages/home.php on line 432
[26-Jan-2026 02:22:36 UTC] PHP Notice:  Undefined variable: k in /home/vaulbmln/public_html/pages/home.php on line 432
[26-Jan-2026 02:22:36 UTC] PHP Notice:  Undefined variable: k in /home/vaulbmln/public_html/pages/home.php on line 432
[26-Jan-2026 02:22:36 UTC] PHP Notice:  Undefined variable: k in /home/vaulbmln/public_html/pages/home.php on line 432
[26-Jan-2026 02:22:36 UTC] PHP Notice:  Undefined variable: k in /home/vaulbmln/public_html/pages/home.php on line 432
[26-Jan-2026 02:22:36 UTC] PHP Notice:  Undefined variable: k in /home/vaulbmln/public_html/pages/home.php on line 432
[26-Jan-2026 02:22:36 UTC] PHP Notice:  Undefined variable: k in /home/vaulbmln/public_html/pages/home.php on line 432
[26-Jan-2026 02:22:36 UTC] PHP Notice:  Undefined variable: k in /home/vaulbmln/public_html/pages/home.php on line 432
[26-Jan-2026 02:22:36 UTC] PHP Notice:  Undefined variable: k in /home/vaulbmln/public_html/pages/home.php on line 432
[26-Jan-2026 02:22:36 UTC] PHP Notice:  Undefined variable: k in /home/vaulbmln/public_html/pages/home.php on line 432
[26-Jan-2026 02:40:27 UTC] PHP Notice:  Undefined variable: k in /home/vaulbmln/public_html/pages/home.php on line 436
[26-Jan-2026 02:40:27 UTC] PHP Notice:  Undefined variable: k in /home/vaulbmln/public_html/pages/home.php on line 436
[26-Jan-2026 02:40:27 UTC] PHP Notice:  Undefined variable: k in /home/vaulbmln/public_html/pages/home.php on line 436
[26-Jan-2026 02:40:27 UTC] PHP Notice:  Undefined variable: k in /home/vaulbmln/public_html/pages/home.php on line 436
[26-Jan-2026 02:40:27 UTC] PHP Notice:  Undefined variable: k in /home/vaulbmln/public_html/pages/home.php on line 436
[26-Jan-2026 02:40:27 UTC] PHP Notice:  Undefined variable: k in /home/vaulbmln/public_html/pages/home.php on line 436
[26-Jan-2026 02:40:27 UTC] PHP Notice:  Undefined variable: k in /home/vaulbmln/public_html/pages/home.php on line 436
[26-Jan-2026 02:40:27 UTC] PHP Notice:  Undefined variable: k in /home/vaulbmln/public_html/pages/home.php on line 436
[26-Jan-2026 02:40:27 UTC] PHP Notice:  Undefined variable: k in /home/vaulbmln/public_html/pages/home.php on line 436
[26-Jan-2026 02:40:27 UTC] PHP Notice:  Undefined variable: k in /home/vaulbmln/public_html/pages/home.php on line 436
[26-Jan-2026 02:40:27 UTC] PHP Notice:  Undefined variable: k in /home/vaulbmln/public_html/pages/home.php on line 436
[26-Jan-2026 02:40:27 UTC] PHP Notice:  Undefined variable: k in /home/vaulbmln/public_html/pages/home.php on line 436
[26-Jan-2026 02:40:27 UTC] PHP Notice:  Undefined variable: k in /home/vaulbmln/public_html/pages/home.php on line 436
[26-Jan-2026 02:40:27 UTC] PHP Notice:  Undefined variable: k in /home/vaulbmln/public_html/pages/home.php on line 436
[26-Jan-2026 02:40:27 UTC] PHP Notice:  Undefined variable: k in /home/vaulbmln/public_html/pages/home.php on line 436
[26-Jan-2026 02:40:27 UTC] PHP Notice:  Undefined variable: k in /home/vaulbmln/public_html/pages/home.php on line 436
[26-Jan-2026 02:40:27 UTC] PHP Notice:  Undefined variable: k in /home/vaulbmln/public_html/pages/home.php on line 436
[26-Jan-2026 02:40:27 UTC] PHP Notice:  Undefined variable: k in /home/vaulbmln/public_html/pages/home.php on line 436
[26-Jan-2026 02:40:27 UTC] PHP Notice:  Undefined variable: k in /home/vaulbmln/public_html/pages/home.php on line 436
[26-Jan-2026 02:40:27 UTC] PHP Notice:  Undefined variable: k in /home/vaulbmln/public_html/pages/home.php on line 436
[26-Jan-2026 02:40:27 UTC] PHP Notice:  Undefined variable: k in /home/vaulbmln/public_html/pages/home.php on line 436
[26-Jan-2026 02:40:27 UTC] PHP Notice:  Undefined variable: k in /home/vaulbmln/public_html/pages/home.php on line 436
[26-Jan-2026 02:40:27 UTC] PHP Notice:  Undefined variable: k in /home/vaulbmln/public_html/pages/home.php on line 436
[26-Jan-2026 02:40:27 UTC] PHP Notice:  Undefined variable: k in /home/vaulbmln/public_html/pages/home.php on line 436
[26-Jan-2026 02:40:27 UTC] PHP Notice:  Undefined variable: k in /home/vaulbmln/public_html/pages/home.php on line 436
[26-Jan-2026 02:40:27 UTC] PHP Notice:  Undefined variable: k in /home/vaulbmln/public_html/pages/home.php on line 436
[26-Jan-2026 02:40:27 UTC] PHP Notice:  Undefined variable: k in /home/vaulbmln/public_html/pages/home.php on line 436
[26-Jan-2026 02:40:27 UTC] PHP Notice:  Undefined variable: k in /home/vaulbmln/public_html/pages/home.php on line 436
[26-Jan-2026 02:40:27 UTC] PHP Notice:  Undefined variable: k in /home/vaulbmln/public_html/pages/home.php on line 436
[26-Jan-2026 02:40:27 UTC] PHP Notice:  Undefined variable: k in /home/vaulbmln/public_html/pages/home.php on line 436
[26-Jan-2026 02:40:27 UTC] PHP Notice:  Undefined variable: k in /home/vaulbmln/public_html/pages/home.php on line 436
[26-Jan-2026 02:40:27 UTC] PHP Notice:  Undefined variable: k in /home/vaulbmln/public_html/pages/home.php on line 436
[26-Jan-2026 02:40:27 UTC] PHP Notice:  Undefined variable: k in /home/vaulbmln/public_html/pages/home.php on line 436
[26-Jan-2026 02:40:27 UTC] PHP Notice:  Undefined variable: k in /home/vaulbmln/public_html/pages/home.php on line 436
[26-Jan-2026 02:40:27 UTC] PHP Notice:  Undefined variable: k in /home/vaulbmln/public_html/pages/home.php on line 436
[26-Jan-2026 02:40:27 UTC] PHP Notice:  Undefined variable: k in /home/vaulbmln/public_html/pages/home.php on line 436
[26-Jan-2026 02:40:27 UTC] PHP Notice:  Undefined variable: k in /home/vaulbmln/public_html/pages/home.php on line 436
[26-Jan-2026 02:40:27 UTC] PHP Notice:  Undefined variable: k in /home/vaulbmln/public_html/pages/home.php on line 436
[26-Jan-2026 02:40:27 UTC] PHP Notice:  Undefined variable: k in /home/vaulbmln/public_html/pages/home.php on line 436
[26-Jan-2026 02:40:27 UTC] PHP Notice:  Undefined variable: k in /home/vaulbmln/public_html/pages/home.php on line 436
[26-Jan-2026 02:40:27 UTC] PHP Notice:  Undefined variable: k in /home/vaulbmln/public_html/pages/home.php on line 436
[26-Jan-2026 02:40:27 UTC] PHP Notice:  Undefined variable: k in /home/vaulbmln/public_html/pages/home.php on line 436
[26-Jan-2026 02:40:27 UTC] PHP Notice:  Undefined variable: k in /home/vaulbmln/public_html/pages/home.php on line 436
[26-Jan-2026 02:40:27 UTC] PHP Notice:  Undefined variable: k in /home/vaulbmln/public_html/pages/home.php on line 436
[26-Jan-2026 02:40:27 UTC] PHP Notice:  Undefined variable: k in /home/vaulbmln/public_html/pages/home.php on line 436
[26-Jan-2026 02:40:27 UTC] PHP Notice:  Undefined variable: k in /home/vaulbmln/public_html/pages/home.php on line 436
[26-Jan-2026 02:40:27 UTC] PHP Notice:  Undefined variable: k in /home/vaulbmln/public_html/pages/home.php on line 436
[26-Jan-2026 02:40:27 UTC] PHP Notice:  Undefined variable: k in /home/vaulbmln/public_html/pages/home.php on line 436
[26-Jan-2026 02:45:31 UTC] PHP Notice:  Undefined variable: k in /home/vaulbmln/public_html/pages/home.php on line 436
[26-Jan-2026 02:45:31 UTC] PHP Notice:  Undefined variable: k in /home/vaulbmln/public_html/pages/home.php on line 436
[26-Jan-2026 02:45:31 UTC] PHP Notice:  Undefined variable: k in /home/vaulbmln/public_html/pages/home.php on line 436
[26-Jan-2026 02:45:31 UTC] PHP Notice:  Undefined variable: k in /home/vaulbmln/public_html/pages/home.php on line 436
[26-Jan-2026 02:45:31 UTC] PHP Notice:  Undefined variable: k in /home/vaulbmln/public_html/pages/home.php on line 436
[26-Jan-2026 02:45:31 UTC] PHP Notice:  Undefined variable: k in /home/vaulbmln/public_html/pages/home.php on line 436
[26-Jan-2026 02:45:31 UTC] PHP Notice:  Undefined variable: k in /home/vaulbmln/public_html/pages/home.php on line 436
[26-Jan-2026 02:45:31 UTC] PHP Notice:  Undefined variable: k in /home/vaulbmln/public_html/pages/home.php on line 436
[26-Jan-2026 02:45:31 UTC] PHP Notice:  Undefined variable: k in /home/vaulbmln/public_html/pages/home.php on line 436
[26-Jan-2026 02:45:31 UTC] PHP Notice:  Undefined variable: k in /home/vaulbmln/public_html/pages/home.php on line 436
[26-Jan-2026 02:45:31 UTC] PHP Notice:  Undefined variable: k in /home/vaulbmln/public_html/pages/home.php on line 436
[26-Jan-2026 02:45:31 UTC] PHP Notice:  Undefined variable: k in /home/vaulbmln/public_html/pages/home.php on line 436
[26-Jan-2026 02:45:31 UTC] PHP Notice:  Undefined variable: k in /home/vaulbmln/public_html/pages/home.php on line 436
[26-Jan-2026 02:45:31 UTC] PHP Notice:  Undefined variable: k in /home/vaulbmln/public_html/pages/home.php on line 436
[26-Jan-2026 02:45:31 UTC] PHP Notice:  Undefined variable: k in /home/vaulbmln/public_html/pages/home.php on line 436
[26-Jan-2026 02:45:31 UTC] PHP Notice:  Undefined variable: k in /home/vaulbmln/public_html/pages/home.php on line 436
[26-Jan-2026 02:45:31 UTC] PHP Notice:  Undefined variable: k in /home/vaulbmln/public_html/pages/home.php on line 436
[26-Jan-2026 02:45:31 UTC] PHP Notice:  Undefined variable: k in /home/vaulbmln/public_html/pages/home.php on line 436
[26-Jan-2026 02:45:31 UTC] PHP Notice:  Undefined variable: k in /home/vaulbmln/public_html/pages/home.php on line 436
[26-Jan-2026 02:45:31 UTC] PHP Notice:  Undefined variable: k in /home/vaulbmln/public_html/pages/home.php on line 436
[26-Jan-2026 02:45:31 UTC] PHP Notice:  Undefined variable: k in /home/vaulbmln/public_html/pages/home.php on line 436
[26-Jan-2026 02:45:31 UTC] PHP Notice:  Undefined variable: k in /home/vaulbmln/public_html/pages/home.php on line 436
[26-Jan-2026 02:45:31 UTC] PHP Notice:  Undefined variable: k in /home/vaulbmln/public_html/pages/home.php on line 436
[26-Jan-2026 02:45:31 UTC] PHP Notice:  Undefined variable: k in /home/vaulbmln/public_html/pages/home.php on line 436
[26-Jan-2026 02:45:31 UTC] PHP Notice:  Undefined variable: k in /home/vaulbmln/public_html/pages/home.php on line 436
[26-Jan-2026 02:45:31 UTC] PHP Notice:  Undefined variable: k in /home/vaulbmln/public_html/pages/home.php on line 436
[26-Jan-2026 02:45:31 UTC] PHP Notice:  Undefined variable: k in /home/vaulbmln/public_html/pages/home.php on line 436
[26-Jan-2026 02:45:31 UTC] PHP Notice:  Undefined variable: k in /home/vaulbmln/public_html/pages/home.php on line 436
[26-Jan-2026 02:45:31 UTC] PHP Notice:  Undefined variable: k in /home/vaulbmln/public_html/pages/home.php on line 436
[26-Jan-2026 02:45:31 UTC] PHP Notice:  Undefined variable: k in /home/vaulbmln/public_html/pages/home.php on line 436
[26-Jan-2026 02:45:31 UTC] PHP Notice:  Undefined variable: k in /home/vaulbmln/public_html/pages/home.php on line 436
[26-Jan-2026 02:45:31 UTC] PHP Notice:  Undefined variable: k in /home/vaulbmln/public_html/pages/home.php on line 436
[26-Jan-2026 02:45:31 UTC] PHP Notice:  Undefined variable: k in /home/vaulbmln/public_html/pages/home.php on line 436
[26-Jan-2026 02:45:31 UTC] PHP Notice:  Undefined variable: k in /home/vaulbmln/public_html/pages/home.php on line 436
[26-Jan-2026 02:45:31 UTC] PHP Notice:  Undefined variable: k in /home/vaulbmln/public_html/pages/home.php on line 436
[26-Jan-2026 02:45:31 UTC] PHP Notice:  Undefined variable: k in /home/vaulbmln/public_html/pages/home.php on line 436
[26-Jan-2026 02:45:31 UTC] PHP Notice:  Undefined variable: k in /home/vaulbmln/public_html/pages/home.php on line 436
[26-Jan-2026 02:45:31 UTC] PHP Notice:  Undefined variable: k in /home/vaulbmln/public_html/pages/home.php on line 436
[26-Jan-2026 02:45:31 UTC] PHP Notice:  Undefined variable: k in /home/vaulbmln/public_html/pages/home.php on line 436
[26-Jan-2026 02:45:31 UTC] PHP Notice:  Undefined variable: k in /home/vaulbmln/public_html/pages/home.php on line 436
[26-Jan-2026 02:45:31 UTC] PHP Notice:  Undefined variable: k in /home/vaulbmln/public_html/pages/home.php on line 436
[26-Jan-2026 02:45:31 UTC] PHP Notice:  Undefined variable: k in /home/vaulbmln/public_html/pages/home.php on line 436
[26-Jan-2026 02:45:31 UTC] PHP Notice:  Undefined variable: k in /home/vaulbmln/public_html/pages/home.php on line 436
[26-Jan-2026 02:45:31 UTC] PHP Notice:  Undefined variable: k in /home/vaulbmln/public_html/pages/home.php on line 436
[26-Jan-2026 02:45:31 UTC] PHP Notice:  Undefined variable: k in /home/vaulbmln/public_html/pages/home.php on line 436
[26-Jan-2026 02:45:31 UTC] PHP Notice:  Undefined variable: k in /home/vaulbmln/public_html/pages/home.php on line 436
[26-Jan-2026 02:45:31 UTC] PHP Notice:  Undefined variable: k in /home/vaulbmln/public_html/pages/home.php on line 436
[26-Jan-2026 02:45:31 UTC] PHP Notice:  Undefined variable: k in /home/vaulbmln/public_html/pages/home.php on line 436
[26-Jan-2026 02:50:18 UTC] PHP Notice:  Undefined variable: k in /home/vaulbmln/public_html/pages/home.php on line 436
[26-Jan-2026 02:50:18 UTC] PHP Notice:  Undefined variable: k in /home/vaulbmln/public_html/pages/home.php on line 436
[26-Jan-2026 02:50:18 UTC] PHP Notice:  Undefined variable: k in /home/vaulbmln/public_html/pages/home.php on line 436
[26-Jan-2026 02:50:18 UTC] PHP Notice:  Undefined variable: k in /home/vaulbmln/public_html/pages/home.php on line 436
[26-Jan-2026 02:50:18 UTC] PHP Notice:  Undefined variable: k in /home/vaulbmln/public_html/pages/home.php on line 436
[26-Jan-2026 02:50:18 UTC] PHP Notice:  Undefined variable: k in /home/vaulbmln/public_html/pages/home.php on line 436
[26-Jan-2026 02:50:18 UTC] PHP Notice:  Undefined variable: k in /home/vaulbmln/public_html/pages/home.php on line 436
[26-Jan-2026 02:50:18 UTC] PHP Notice:  Undefined variable: k in /home/vaulbmln/public_html/pages/home.php on line 436
[26-Jan-2026 02:50:18 UTC] PHP Notice:  Undefined variable: k in /home/vaulbmln/public_html/pages/home.php on line 436
[26-Jan-2026 02:50:18 UTC] PHP Notice:  Undefined variable: k in /home/vaulbmln/public_html/pages/home.php on line 436
[26-Jan-2026 02:50:18 UTC] PHP Notice:  Undefined variable: k in /home/vaulbmln/public_html/pages/home.php on line 436
[26-Jan-2026 02:50:18 UTC] PHP Notice:  Undefined variable: k in /home/vaulbmln/public_html/pages/home.php on line 436
[26-Jan-2026 02:50:18 UTC] PHP Notice:  Undefined variable: k in /home/vaulbmln/public_html/pages/home.php on line 436
[26-Jan-2026 02:50:18 UTC] PHP Notice:  Undefined variable: k in /home/vaulbmln/public_html/pages/home.php on line 436
[26-Jan-2026 02:50:18 UTC] PHP Notice:  Undefined variable: k in /home/vaulbmln/public_html/pages/home.php on line 436
[26-Jan-2026 02:50:18 UTC] PHP Notice:  Undefined variable: k in /home/vaulbmln/public_html/pages/home.php on line 436
[26-Jan-2026 02:50:18 UTC] PHP Notice:  Undefined variable: k in /home/vaulbmln/public_html/pages/home.php on line 436
[26-Jan-2026 02:50:18 UTC] PHP Notice:  Undefined variable: k in /home/vaulbmln/public_html/pages/home.php on line 436
[26-Jan-2026 02:50:18 UTC] PHP Notice:  Undefined variable: k in /home/vaulbmln/public_html/pages/home.php on line 436
[26-Jan-2026 02:50:18 UTC] PHP Notice:  Undefined variable: k in /home/vaulbmln/public_html/pages/home.php on line 436
[26-Jan-2026 02:50:18 UTC] PHP Notice:  Undefined variable: k in /home/vaulbmln/public_html/pages/home.php on line 436
[26-Jan-2026 02:50:18 UTC] PHP Notice:  Undefined variable: k in /home/vaulbmln/public_html/pages/home.php on line 436
[26-Jan-2026 02:50:18 UTC] PHP Notice:  Undefined variable: k in /home/vaulbmln/public_html/pages/home.php on line 436
[26-Jan-2026 02:50:18 UTC] PHP Notice:  Undefined variable: k in /home/vaulbmln/public_html/pages/home.php on line 436
[26-Jan-2026 02:50:18 UTC] PHP Notice:  Undefined variable: k in /home/vaulbmln/public_html/pages/home.php on line 436
[26-Jan-2026 02:50:18 UTC] PHP Notice:  Undefined variable: k in /home/vaulbmln/public_html/pages/home.php on line 436
[26-Jan-2026 02:50:18 UTC] PHP Notice:  Undefined variable: k in /home/vaulbmln/public_html/pages/home.php on line 436
[26-Jan-2026 02:50:18 UTC] PHP Notice:  Undefined variable: k in /home/vaulbmln/public_html/pages/home.php on line 436
[26-Jan-2026 02:50:18 UTC] PHP Notice:  Undefined variable: k in /home/vaulbmln/public_html/pages/home.php on line 436
[26-Jan-2026 02:50:18 UTC] PHP Notice:  Undefined variable: k in /home/vaulbmln/public_html/pages/home.php on line 436
[26-Jan-2026 02:50:18 UTC] PHP Notice:  Undefined variable: k in /home/vaulbmln/public_html/pages/home.php on line 436
[26-Jan-2026 02:50:18 UTC] PHP Notice:  Undefined variable: k in /home/vaulbmln/public_html/pages/home.php on line 436
[26-Jan-2026 02:50:18 UTC] PHP Notice:  Undefined variable: k in /home/vaulbmln/public_html/pages/home.php on line 436
[26-Jan-2026 02:50:18 UTC] PHP Notice:  Undefined variable: k in /home/vaulbmln/public_html/pages/home.php on line 436
[26-Jan-2026 02:50:18 UTC] PHP Notice:  Undefined variable: k in /home/vaulbmln/public_html/pages/home.php on line 436
[26-Jan-2026 02:50:18 UTC] PHP Notice:  Undefined variable: k in /home/vaulbmln/public_html/pages/home.php on line 436
[26-Jan-2026 02:50:18 UTC] PHP Notice:  Undefined variable: k in /home/vaulbmln/public_html/pages/home.php on line 436
[26-Jan-2026 02:50:18 UTC] PHP Notice:  Undefined variable: k in /home/vaulbmln/public_html/pages/home.php on line 436
[26-Jan-2026 02:50:18 UTC] PHP Notice:  Undefined variable: k in /home/vaulbmln/public_html/pages/home.php on line 436
[26-Jan-2026 02:50:18 UTC] PHP Notice:  Undefined variable: k in /home/vaulbmln/public_html/pages/home.php on line 436
[26-Jan-2026 02:50:18 UTC] PHP Notice:  Undefined variable: k in /home/vaulbmln/public_html/pages/home.php on line 436
[26-Jan-2026 02:50:18 UTC] PHP Notice:  Undefined variable: k in /home/vaulbmln/public_html/pages/home.php on line 436
[26-Jan-2026 02:50:18 UTC] PHP Notice:  Undefined variable: k in /home/vaulbmln/public_html/pages/home.php on line 436
[26-Jan-2026 02:50:18 UTC] PHP Notice:  Undefined variable: k in /home/vaulbmln/public_html/pages/home.php on line 436
[26-Jan-2026 02:50:18 UTC] PHP Notice:  Undefined variable: k in /home/vaulbmln/public_html/pages/home.php on line 436
[26-Jan-2026 02:50:18 UTC] PHP Notice:  Undefined variable: k in /home/vaulbmln/public_html/pages/home.php on line 436
[26-Jan-2026 02:50:18 UTC] PHP Notice:  Undefined variable: k in /home/vaulbmln/public_html/pages/home.php on line 436
[26-Jan-2026 02:50:18 UTC] PHP Notice:  Undefined variable: k in /home/vaulbmln/public_html/pages/home.php on line 436
[26-Jan-2026 02:59:29 UTC] PHP Notice:  Undefined variable: k in /home/vaulbmln/public_html/pages/home.php on line 436
[26-Jan-2026 02:59:29 UTC] PHP Notice:  Undefined variable: k in /home/vaulbmln/public_html/pages/home.php on line 436
[26-Jan-2026 02:59:29 UTC] PHP Notice:  Undefined variable: k in /home/vaulbmln/public_html/pages/home.php on line 436
[26-Jan-2026 02:59:29 UTC] PHP Notice:  Undefined variable: k in /home/vaulbmln/public_html/pages/home.php on line 436
[26-Jan-2026 02:59:29 UTC] PHP Notice:  Undefined variable: k in /home/vaulbmln/public_html/pages/home.php on line 436
[26-Jan-2026 02:59:29 UTC] PHP Notice:  Undefined variable: k in /home/vaulbmln/public_html/pages/home.php on line 436
[26-Jan-2026 02:59:29 UTC] PHP Notice:  Undefined variable: k in /home/vaulbmln/public_html/pages/home.php on line 436
[26-Jan-2026 02:59:29 UTC] PHP Notice:  Undefined variable: k in /home/vaulbmln/public_html/pages/home.php on line 436
[26-Jan-2026 02:59:29 UTC] PHP Notice:  Undefined variable: k in /home/vaulbmln/public_html/pages/home.php on line 436
[26-Jan-2026 02:59:29 UTC] PHP Notice:  Undefined variable: k in /home/vaulbmln/public_html/pages/home.php on line 436
[26-Jan-2026 02:59:29 UTC] PHP Notice:  Undefined variable: k in /home/vaulbmln/public_html/pages/home.php on line 436
[26-Jan-2026 02:59:29 UTC] PHP Notice:  Undefined variable: k in /home/vaulbmln/public_html/pages/home.php on line 436
[26-Jan-2026 02:59:29 UTC] PHP Notice:  Undefined variable: k in /home/vaulbmln/public_html/pages/home.php on line 436
[26-Jan-2026 02:59:29 UTC] PHP Notice:  Undefined variable: k in /home/vaulbmln/public_html/pages/home.php on line 436
[26-Jan-2026 02:59:29 UTC] PHP Notice:  Undefined variable: k in /home/vaulbmln/public_html/pages/home.php on line 436
[26-Jan-2026 02:59:29 UTC] PHP Notice:  Undefined variable: k in /home/vaulbmln/public_html/pages/home.php on line 436
[26-Jan-2026 02:59:29 UTC] PHP Notice:  Undefined variable: k in /home/vaulbmln/public_html/pages/home.php on line 436
[26-Jan-2026 02:59:29 UTC] PHP Notice:  Undefined variable: k in /home/vaulbmln/public_html/pages/home.php on line 436
[26-Jan-2026 02:59:29 UTC] PHP Notice:  Undefined variable: k in /home/vaulbmln/public_html/pages/home.php on line 436
[26-Jan-2026 02:59:29 UTC] PHP Notice:  Undefined variable: k in /home/vaulbmln/public_html/pages/home.php on line 436
[26-Jan-2026 02:59:29 UTC] PHP Notice:  Undefined variable: k in /home/vaulbmln/public_html/pages/home.php on line 436
[26-Jan-2026 02:59:29 UTC] PHP Notice:  Undefined variable: k in /home/vaulbmln/public_html/pages/home.php on line 436
[26-Jan-2026 02:59:29 UTC] PHP Notice:  Undefined variable: k in /home/vaulbmln/public_html/pages/home.php on line 436
[26-Jan-2026 02:59:29 UTC] PHP Notice:  Undefined variable: k in /home/vaulbmln/public_html/pages/home.php on line 436
[26-Jan-2026 02:59:29 UTC] PHP Notice:  Undefined variable: k in /home/vaulbmln/public_html/pages/home.php on line 436
[26-Jan-2026 02:59:29 UTC] PHP Notice:  Undefined variable: k in /home/vaulbmln/public_html/pages/home.php on line 436
[26-Jan-2026 02:59:29 UTC] PHP Notice:  Undefined variable: k in /home/vaulbmln/public_html/pages/home.php on line 436
[26-Jan-2026 02:59:29 UTC] PHP Notice:  Undefined variable: k in /home/vaulbmln/public_html/pages/home.php on line 436
[26-Jan-2026 02:59:29 UTC] PHP Notice:  Undefined variable: k in /home/vaulbmln/public_html/pages/home.php on line 436
[26-Jan-2026 02:59:29 UTC] PHP Notice:  Undefined variable: k in /home/vaulbmln/public_html/pages/home.php on line 436
[26-Jan-2026 02:59:29 UTC] PHP Notice:  Undefined variable: k in /home/vaulbmln/public_html/pages/home.php on line 436
[26-Jan-2026 02:59:29 UTC] PHP Notice:  Undefined variable: k in /home/vaulbmln/public_html/pages/home.php on line 436
[26-Jan-2026 02:59:29 UTC] PHP Notice:  Undefined variable: k in /home/vaulbmln/public_html/pages/home.php on line 436
[26-Jan-2026 02:59:29 UTC] PHP Notice:  Undefined variable: k in /home/vaulbmln/public_html/pages/home.php on line 436
[26-Jan-2026 02:59:29 UTC] PHP Notice:  Undefined variable: k in /home/vaulbmln/public_html/pages/home.php on line 436
[26-Jan-2026 02:59:29 UTC] PHP Notice:  Undefined variable: k in /home/vaulbmln/public_html/pages/home.php on line 436
[26-Jan-2026 02:59:29 UTC] PHP Notice:  Undefined variable: k in /home/vaulbmln/public_html/pages/home.php on line 436
[26-Jan-2026 02:59:29 UTC] PHP Notice:  Undefined variable: k in /home/vaulbmln/public_html/pages/home.php on line 436
[26-Jan-2026 02:59:29 UTC] PHP Notice:  Undefined variable: k in /home/vaulbmln/public_html/pages/home.php on line 436
[26-Jan-2026 02:59:29 UTC] PHP Notice:  Undefined variable: k in /home/vaulbmln/public_html/pages/home.php on line 436
[26-Jan-2026 02:59:29 UTC] PHP Notice:  Undefined variable: k in /home/vaulbmln/public_html/pages/home.php on line 436
[26-Jan-2026 02:59:29 UTC] PHP Notice:  Undefined variable: k in /home/vaulbmln/public_html/pages/home.php on line 436
[26-Jan-2026 02:59:29 UTC] PHP Notice:  Undefined variable: k in /home/vaulbmln/public_html/pages/home.php on line 436
[26-Jan-2026 02:59:29 UTC] PHP Notice:  Undefined variable: k in /home/vaulbmln/public_html/pages/home.php on line 436
[26-Jan-2026 02:59:29 UTC] PHP Notice:  Undefined variable: k in /home/vaulbmln/public_html/pages/home.php on line 436
[26-Jan-2026 02:59:29 UTC] PHP Notice:  Undefined variable: k in /home/vaulbmln/public_html/pages/home.php on line 436
[26-Jan-2026 02:59:29 UTC] PHP Notice:  Undefined variable: k in /home/vaulbmln/public_html/pages/home.php on line 436
[26-Jan-2026 02:59:29 UTC] PHP Notice:  Undefined variable: k in /home/vaulbmln/public_html/pages/home.php on line 436
[26-Jan-2026 03:41:56 UTC] [VX_BOUNDARY] syntax error, unexpected 'endif' (T_ENDIF) @ /home/vaulbmln/public_html/pages/home.php:482
[26-Jan-2026 03:42:21 UTC] [VX_BOUNDARY] syntax error, unexpected 'endif' (T_ENDIF) @ /home/vaulbmln/public_html/pages/home.php:482
[26-Jan-2026 03:43:04 UTC] [VX_BOUNDARY] syntax error, unexpected 'endif' (T_ENDIF) @ /home/vaulbmln/public_html/pages/home.php:482
[26-Jan-2026 03:44:50 UTC] [VX_BOUNDARY] syntax error, unexpected 'endif' (T_ENDIF) @ /home/vaulbmln/public_html/pages/home.php:482
[26-Jan-2026 03:56:01 UTC] PHP Notice:  Undefined variable: cycleStr in /home/vaulbmln/public_html/pages/home.php on line 472
[26-Jan-2026 03:56:01 UTC] PHP Notice:  Undefined variable: dailyPctStr in /home/vaulbmln/public_html/pages/home.php on line 473
[26-Jan-2026 03:56:01 UTC] PHP Notice:  Undefined variable: minMaxStr in /home/vaulbmln/public_html/pages/home.php on line 474
[26-Jan-2026 03:56:01 UTC] PHP Notice:  Undefined variable: roiStr in /home/vaulbmln/public_html/pages/home.php on line 475
[26-Jan-2026 03:56:01 UTC] PHP Notice:  Undefined variable: dailyPctStr in /home/vaulbmln/public_html/pages/home.php on line 499
[26-Jan-2026 03:56:01 UTC] PHP Notice:  Undefined variable: cycleStr in /home/vaulbmln/public_html/pages/home.php on line 503
[26-Jan-2026 03:56:01 UTC] PHP Notice:  Undefined variable: totalRoiStr in /home/vaulbmln/public_html/pages/home.php on line 507
[26-Jan-2026 03:56:01 UTC] PHP Notice:  Undefined variable: estProfitStr in /home/vaulbmln/public_html/pages/home.php on line 511
[26-Jan-2026 03:56:01 UTC] PHP Notice:  Undefined variable: vpStr in /home/vaulbmln/public_html/pages/home.php on line 515
[26-Jan-2026 03:56:01 UTC] PHP Notice:  Undefined variable: lpStr in /home/vaulbmln/public_html/pages/home.php on line 519
[26-Jan-2026 03:56:01 UTC] PHP Notice:  Undefined variable: typeStr in /home/vaulbmln/public_html/pages/home.php on line 524
[26-Jan-2026 03:56:01 UTC] PHP Notice:  Undefined variable: evolveStr in /home/vaulbmln/public_html/pages/home.php on line 525
[26-Jan-2026 03:56:01 UTC] PHP Notice:  Undefined variable: estTotalStr in /home/vaulbmln/public_html/pages/home.php on line 526
[26-Jan-2026 03:56:01 UTC] PHP Notice:  Undefined variable: loreText in /home/vaulbmln/public_html/pages/home.php on line 529
[26-Jan-2026 03:56:01 UTC] PHP Notice:  Undefined variable: loreText in /home/vaulbmln/public_html/pages/home.php on line 532
[26-Jan-2026 03:56:01 UTC] PHP Notice:  Undefined variable: cycleStr in /home/vaulbmln/public_html/pages/home.php on line 472
[26-Jan-2026 03:56:01 UTC] PHP Notice:  Undefined variable: dailyPctStr in /home/vaulbmln/public_html/pages/home.php on line 473
[26-Jan-2026 03:56:01 UTC] PHP Notice:  Undefined variable: minMaxStr in /home/vaulbmln/public_html/pages/home.php on line 474
[26-Jan-2026 03:56:01 UTC] PHP Notice:  Undefined variable: roiStr in /home/vaulbmln/public_html/pages/home.php on line 475
[26-Jan-2026 03:56:01 UTC] PHP Notice:  Undefined variable: dailyPctStr in /home/vaulbmln/public_html/pages/home.php on line 499
[26-Jan-2026 03:56:01 UTC] PHP Notice:  Undefined variable: cycleStr in /home/vaulbmln/public_html/pages/home.php on line 503
[26-Jan-2026 03:56:01 UTC] PHP Notice:  Undefined variable: totalRoiStr in /home/vaulbmln/public_html/pages/home.php on line 507
[26-Jan-2026 03:56:01 UTC] PHP Notice:  Undefined variable: estProfitStr in /home/vaulbmln/public_html/pages/home.php on line 511
[26-Jan-2026 03:56:01 UTC] PHP Notice:  Undefined variable: vpStr in /home/vaulbmln/public_html/pages/home.php on line 515
[26-Jan-2026 03:56:01 UTC] PHP Notice:  Undefined variable: lpStr in /home/vaulbmln/public_html/pages/home.php on line 519
[26-Jan-2026 03:56:01 UTC] PHP Notice:  Undefined variable: typeStr in /home/vaulbmln/public_html/pages/home.php on line 524
[26-Jan-2026 03:56:01 UTC] PHP Notice:  Undefined variable: evolveStr in /home/vaulbmln/public_html/pages/home.php on line 525
[26-Jan-2026 03:56:01 UTC] PHP Notice:  Undefined variable: estTotalStr in /home/vaulbmln/public_html/pages/home.php on line 526
[26-Jan-2026 03:56:01 UTC] PHP Notice:  Undefined variable: loreText in /home/vaulbmln/public_html/pages/home.php on line 529
[26-Jan-2026 03:56:01 UTC] PHP Notice:  Undefined variable: loreText in /home/vaulbmln/public_html/pages/home.php on line 532
[26-Jan-2026 03:56:01 UTC] PHP Notice:  Undefined variable: cycleStr in /home/vaulbmln/public_html/pages/home.php on line 472
[26-Jan-2026 03:56:01 UTC] PHP Notice:  Undefined variable: dailyPctStr in /home/vaulbmln/public_html/pages/home.php on line 473
[26-Jan-2026 03:56:01 UTC] PHP Notice:  Undefined variable: minMaxStr in /home/vaulbmln/public_html/pages/home.php on line 474
[26-Jan-2026 03:56:01 UTC] PHP Notice:  Undefined variable: roiStr in /home/vaulbmln/public_html/pages/home.php on line 475
[26-Jan-2026 03:56:01 UTC] PHP Notice:  Undefined variable: dailyPctStr in /home/vaulbmln/public_html/pages/home.php on line 499
[26-Jan-2026 03:56:01 UTC] PHP Notice:  Undefined variable: cycleStr in /home/vaulbmln/public_html/pages/home.php on line 503
[26-Jan-2026 03:56:01 UTC] PHP Notice:  Undefined variable: totalRoiStr in /home/vaulbmln/public_html/pages/home.php on line 507
[26-Jan-2026 03:56:01 UTC] PHP Notice:  Undefined variable: estProfitStr in /home/vaulbmln/public_html/pages/home.php on line 511
[26-Jan-2026 03:56:01 UTC] PHP Notice:  Undefined variable: vpStr in /home/vaulbmln/public_html/pages/home.php on line 515
[26-Jan-2026 03:56:01 UTC] PHP Notice:  Undefined variable: lpStr in /home/vaulbmln/public_html/pages/home.php on line 519
[26-Jan-2026 03:56:01 UTC] PHP Notice:  Undefined variable: typeStr in /home/vaulbmln/public_html/pages/home.php on line 524
[26-Jan-2026 03:56:01 UTC] PHP Notice:  Undefined variable: evolveStr in /home/vaulbmln/public_html/pages/home.php on line 525
[26-Jan-2026 03:56:01 UTC] PHP Notice:  Undefined variable: estTotalStr in /home/vaulbmln/public_html/pages/home.php on line 526
[26-Jan-2026 03:56:01 UTC] PHP Notice:  Undefined variable: loreText in /home/vaulbmln/public_html/pages/home.php on line 529
[26-Jan-2026 03:56:01 UTC] PHP Notice:  Undefined variable: loreText in /home/vaulbmln/public_html/pages/home.php on line 532
[26-Jan-2026 03:56:01 UTC] PHP Notice:  Undefined variable: cycleStr in /home/vaulbmln/public_html/pages/home.php on line 472
[26-Jan-2026 03:56:01 UTC] PHP Notice:  Undefined variable: dailyPctStr in /home/vaulbmln/public_html/pages/home.php on line 473
[26-Jan-2026 03:56:01 UTC] PHP Notice:  Undefined variable: minMaxStr in /home/vaulbmln/public_html/pages/home.php on line 474
[26-Jan-2026 03:56:01 UTC] PHP Notice:  Undefined variable: roiStr in /home/vaulbmln/public_html/pages/home.php on line 475
[26-Jan-2026 03:56:01 UTC] PHP Notice:  Undefined variable: dailyPctStr in /home/vaulbmln/public_html/pages/home.php on line 499
[26-Jan-2026 03:56:01 UTC] PHP Notice:  Undefined variable: cycleStr in /home/vaulbmln/public_html/pages/home.php on line 503
[26-Jan-2026 03:56:01 UTC] PHP Notice:  Undefined variable: totalRoiStr in /home/vaulbmln/public_html/pages/home.php on line 507
[26-Jan-2026 03:56:01 UTC] PHP Notice:  Undefined variable: estProfitStr in /home/vaulbmln/public_html/pages/home.php on line 511
[26-Jan-2026 03:56:01 UTC] PHP Notice:  Undefined variable: vpStr in /home/vaulbmln/public_html/pages/home.php on line 515
[26-Jan-2026 03:56:01 UTC] PHP Notice:  Undefined variable: lpStr in /home/vaulbmln/public_html/pages/home.php on line 519
[26-Jan-2026 03:56:01 UTC] PHP Notice:  Undefined variable: typeStr in /home/vaulbmln/public_html/pages/home.php on line 524
[26-Jan-2026 03:56:01 UTC] PHP Notice:  Undefined variable: evolveStr in /home/vaulbmln/public_html/pages/home.php on line 525
[26-Jan-2026 03:56:01 UTC] PHP Notice:  Undefined variable: estTotalStr in /home/vaulbmln/public_html/pages/home.php on line 526
[26-Jan-2026 03:56:01 UTC] PHP Notice:  Undefined variable: loreText in /home/vaulbmln/public_html/pages/home.php on line 529
[26-Jan-2026 03:56:01 UTC] PHP Notice:  Undefined variable: loreText in /home/vaulbmln/public_html/pages/home.php on line 532
[26-Jan-2026 03:56:01 UTC] PHP Notice:  Undefined variable: cycleStr in /home/vaulbmln/public_html/pages/home.php on line 472
[26-Jan-2026 03:56:01 UTC] PHP Notice:  Undefined variable: dailyPctStr in /home/vaulbmln/public_html/pages/home.php on line 473
[26-Jan-2026 03:56:01 UTC] PHP Notice:  Undefined variable: minMaxStr in /home/vaulbmln/public_html/pages/home.php on line 474
[26-Jan-2026 03:56:01 UTC] PHP Notice:  Undefined variable: roiStr in /home/vaulbmln/public_html/pages/home.php on line 475
[26-Jan-2026 03:56:01 UTC] PHP Notice:  Undefined variable: dailyPctStr in /home/vaulbmln/public_html/pages/home.php on line 499
[26-Jan-2026 03:56:01 UTC] PHP Notice:  Undefined variable: cycleStr in /home/vaulbmln/public_html/pages/home.php on line 503
[26-Jan-2026 03:56:01 UTC] PHP Notice:  Undefined variable: totalRoiStr in /home/vaulbmln/public_html/pages/home.php on line 507
[26-Jan-2026 03:56:01 UTC] PHP Notice:  Undefined variable: estProfitStr in /home/vaulbmln/public_html/pages/home.php on line 511
[26-Jan-2026 03:56:01 UTC] PHP Notice:  Undefined variable: vpStr in /home/vaulbmln/public_html/pages/home.php on line 515
[26-Jan-2026 03:56:01 UTC] PHP Notice:  Undefined variable: lpStr in /home/vaulbmln/public_html/pages/home.php on line 519
[26-Jan-2026 03:56:01 UTC] PHP Notice:  Undefined variable: typeStr in /home/vaulbmln/public_html/pages/home.php on line 524
[26-Jan-2026 03:56:01 UTC] PHP Notice:  Undefined variable: evolveStr in /home/vaulbmln/public_html/pages/home.php on line 525
[26-Jan-2026 03:56:01 UTC] PHP Notice:  Undefined variable: estTotalStr in /home/vaulbmln/public_html/pages/home.php on line 526
[26-Jan-2026 03:56:01 UTC] PHP Notice:  Undefined variable: loreText in /home/vaulbmln/public_html/pages/home.php on line 529
[26-Jan-2026 03:56:01 UTC] PHP Notice:  Undefined variable: loreText in /home/vaulbmln/public_html/pages/home.php on line 532
[26-Jan-2026 03:56:01 UTC] PHP Notice:  Undefined variable: cycleStr in /home/vaulbmln/public_html/pages/home.php on line 472
[26-Jan-2026 03:56:01 UTC] PHP Notice:  Undefined variable: dailyPctStr in /home/vaulbmln/public_html/pages/home.php on line 473
[26-Jan-2026 03:56:01 UTC] PHP Notice:  Undefined variable: minMaxStr in /home/vaulbmln/public_html/pages/home.php on line 474
[26-Jan-2026 03:56:01 UTC] PHP Notice:  Undefined variable: roiStr in /home/vaulbmln/public_html/pages/home.php on line 475
[26-Jan-2026 03:56:01 UTC] PHP Notice:  Undefined variable: dailyPctStr in /home/vaulbmln/public_html/pages/home.php on line 499
[26-Jan-2026 03:56:01 UTC] PHP Notice:  Undefined variable: cycleStr in /home/vaulbmln/public_html/pages/home.php on line 503
[26-Jan-2026 03:56:01 UTC] PHP Notice:  Undefined variable: totalRoiStr in /home/vaulbmln/public_html/pages/home.php on line 507
[26-Jan-2026 03:56:01 UTC] PHP Notice:  Undefined variable: estProfitStr in /home/vaulbmln/public_html/pages/home.php on line 511
[26-Jan-2026 03:56:01 UTC] PHP Notice:  Undefined variable: vpStr in /home/vaulbmln/public_html/pages/home.php on line 515
[26-Jan-2026 03:56:01 UTC] PHP Notice:  Undefined variable: lpStr in /home/vaulbmln/public_html/pages/home.php on line 519
[26-Jan-2026 03:56:01 UTC] PHP Notice:  Undefined variable: typeStr in /home/vaulbmln/public_html/pages/home.php on line 524
[26-Jan-2026 03:56:01 UTC] PHP Notice:  Undefined variable: evolveStr in /home/vaulbmln/public_html/pages/home.php on line 525
[26-Jan-2026 03:56:01 UTC] PHP Notice:  Undefined variable: estTotalStr in /home/vaulbmln/public_html/pages/home.php on line 526
[26-Jan-2026 03:56:01 UTC] PHP Notice:  Undefined variable: loreText in /home/vaulbmln/public_html/pages/home.php on line 529
[26-Jan-2026 03:56:01 UTC] PHP Notice:  Undefined variable: loreText in /home/vaulbmln/public_html/pages/home.php on line 532
[26-Jan-2026 03:56:01 UTC] PHP Notice:  Undefined variable: cycleStr in /home/vaulbmln/public_html/pages/home.php on line 472
[26-Jan-2026 03:56:01 UTC] PHP Notice:  Undefined variable: dailyPctStr in /home/vaulbmln/public_html/pages/home.php on line 473
[26-Jan-2026 03:56:01 UTC] PHP Notice:  Undefined variable: minMaxStr in /home/vaulbmln/public_html/pages/home.php on line 474
[26-Jan-2026 03:56:01 UTC] PHP Notice:  Undefined variable: roiStr in /home/vaulbmln/public_html/pages/home.php on line 475
[26-Jan-2026 03:56:01 UTC] PHP Notice:  Undefined variable: dailyPctStr in /home/vaulbmln/public_html/pages/home.php on line 499
[26-Jan-2026 03:56:01 UTC] PHP Notice:  Undefined variable: cycleStr in /home/vaulbmln/public_html/pages/home.php on line 503
[26-Jan-2026 03:56:01 UTC] PHP Notice:  Undefined variable: totalRoiStr in /home/vaulbmln/public_html/pages/home.php on line 507
[26-Jan-2026 03:56:01 UTC] PHP Notice:  Undefined variable: estProfitStr in /home/vaulbmln/public_html/pages/home.php on line 511
[26-Jan-2026 03:56:01 UTC] PHP Notice:  Undefined variable: vpStr in /home/vaulbmln/public_html/pages/home.php on line 515
[26-Jan-2026 03:56:01 UTC] PHP Notice:  Undefined variable: lpStr in /home/vaulbmln/public_html/pages/home.php on line 519
[26-Jan-2026 03:56:01 UTC] PHP Notice:  Undefined variable: typeStr in /home/vaulbmln/public_html/pages/home.php on line 524
[26-Jan-2026 03:56:01 UTC] PHP Notice:  Undefined variable: evolveStr in /home/vaulbmln/public_html/pages/home.php on line 525
[26-Jan-2026 03:56:01 UTC] PHP Notice:  Undefined variable: estTotalStr in /home/vaulbmln/public_html/pages/home.php on line 526
[26-Jan-2026 03:56:01 UTC] PHP Notice:  Undefined variable: loreText in /home/vaulbmln/public_html/pages/home.php on line 529
[26-Jan-2026 03:56:01 UTC] PHP Notice:  Undefined variable: loreText in /home/vaulbmln/public_html/pages/home.php on line 532
[26-Jan-2026 03:56:01 UTC] PHP Notice:  Undefined variable: cycleStr in /home/vaulbmln/public_html/pages/home.php on line 472
[26-Jan-2026 03:56:01 UTC] PHP Notice:  Undefined variable: dailyPctStr in /home/vaulbmln/public_html/pages/home.php on line 473
[26-Jan-2026 03:56:01 UTC] PHP Notice:  Undefined variable: minMaxStr in /home/vaulbmln/public_html/pages/home.php on line 474
[26-Jan-2026 03:56:01 UTC] PHP Notice:  Undefined variable: roiStr in /home/vaulbmln/public_html/pages/home.php on line 475
[26-Jan-2026 03:56:01 UTC] PHP Notice:  Undefined variable: dailyPctStr in /home/vaulbmln/public_html/pages/home.php on line 499
[26-Jan-2026 03:56:01 UTC] PHP Notice:  Undefined variable: cycleStr in /home/vaulbmln/public_html/pages/home.php on line 503
[26-Jan-2026 03:56:01 UTC] PHP Notice:  Undefined variable: totalRoiStr in /home/vaulbmln/public_html/pages/home.php on line 507
[26-Jan-2026 03:56:01 UTC] PHP Notice:  Undefined variable: estProfitStr in /home/vaulbmln/public_html/pages/home.php on line 511
[26-Jan-2026 03:56:01 UTC] PHP Notice:  Undefined variable: vpStr in /home/vaulbmln/public_html/pages/home.php on line 515
[26-Jan-2026 03:56:01 UTC] PHP Notice:  Undefined variable: lpStr in /home/vaulbmln/public_html/pages/home.php on line 519
[26-Jan-2026 03:56:01 UTC] PHP Notice:  Undefined variable: typeStr in /home/vaulbmln/public_html/pages/home.php on line 524
[26-Jan-2026 03:56:01 UTC] PHP Notice:  Undefined variable: evolveStr in /home/vaulbmln/public_html/pages/home.php on line 525
[26-Jan-2026 03:56:01 UTC] PHP Notice:  Undefined variable: estTotalStr in /home/vaulbmln/public_html/pages/home.php on line 526
[26-Jan-2026 03:56:01 UTC] PHP Notice:  Undefined variable: loreText in /home/vaulbmln/public_html/pages/home.php on line 529
[26-Jan-2026 03:56:01 UTC] PHP Notice:  Undefined variable: loreText in /home/vaulbmln/public_html/pages/home.php on line 532
[26-Jan-2026 04:23:11 UTC] PHP Notice:  Undefined variable: cycleStr in /home/vaulbmln/public_html/pages/home.php on line 472
[26-Jan-2026 04:23:11 UTC] PHP Notice:  Undefined variable: dailyPctStr in /home/vaulbmln/public_html/pages/home.php on line 473
[26-Jan-2026 04:23:11 UTC] PHP Notice:  Undefined variable: minMaxStr in /home/vaulbmln/public_html/pages/home.php on line 474
[26-Jan-2026 04:23:11 UTC] PHP Notice:  Undefined variable: roiStr in /home/vaulbmln/public_html/pages/home.php on line 475
[26-Jan-2026 04:23:11 UTC] PHP Notice:  Undefined variable: dailyPctStr in /home/vaulbmln/public_html/pages/home.php on line 499
[26-Jan-2026 04:23:11 UTC] PHP Notice:  Undefined variable: cycleStr in /home/vaulbmln/public_html/pages/home.php on line 503
[26-Jan-2026 04:23:11 UTC] PHP Notice:  Undefined variable: totalRoiStr in /home/vaulbmln/public_html/pages/home.php on line 507
[26-Jan-2026 04:23:11 UTC] PHP Notice:  Undefined variable: estProfitStr in /home/vaulbmln/public_html/pages/home.php on line 511
[26-Jan-2026 04:23:11 UTC] PHP Notice:  Undefined variable: vpStr in /home/vaulbmln/public_html/pages/home.php on line 515
[26-Jan-2026 04:23:11 UTC] PHP Notice:  Undefined variable: lpStr in /home/vaulbmln/public_html/pages/home.php on line 519
[26-Jan-2026 04:23:11 UTC] PHP Notice:  Undefined variable: typeStr in /home/vaulbmln/public_html/pages/home.php on line 524
[26-Jan-2026 04:23:11 UTC] PHP Notice:  Undefined variable: evolveStr in /home/vaulbmln/public_html/pages/home.php on line 525
[26-Jan-2026 04:23:11 UTC] PHP Notice:  Undefined variable: estTotalStr in /home/vaulbmln/public_html/pages/home.php on line 526
[26-Jan-2026 04:23:11 UTC] PHP Notice:  Undefined variable: loreText in /home/vaulbmln/public_html/pages/home.php on line 529
[26-Jan-2026 04:23:11 UTC] PHP Notice:  Undefined variable: loreText in /home/vaulbmln/public_html/pages/home.php on line 532
[26-Jan-2026 04:23:11 UTC] PHP Notice:  Undefined variable: cycleStr in /home/vaulbmln/public_html/pages/home.php on line 472
[26-Jan-2026 04:23:11 UTC] PHP Notice:  Undefined variable: dailyPctStr in /home/vaulbmln/public_html/pages/home.php on line 473
[26-Jan-2026 04:23:11 UTC] PHP Notice:  Undefined variable: minMaxStr in /home/vaulbmln/public_html/pages/home.php on line 474
[26-Jan-2026 04:23:11 UTC] PHP Notice:  Undefined variable: roiStr in /home/vaulbmln/public_html/pages/home.php on line 475
[26-Jan-2026 04:23:11 UTC] PHP Notice:  Undefined variable: dailyPctStr in /home/vaulbmln/public_html/pages/home.php on line 499
[26-Jan-2026 04:23:11 UTC] PHP Notice:  Undefined variable: cycleStr in /home/vaulbmln/public_html/pages/home.php on line 503
[26-Jan-2026 04:23:11 UTC] PHP Notice:  Undefined variable: totalRoiStr in /home/vaulbmln/public_html/pages/home.php on line 507
[26-Jan-2026 04:23:11 UTC] PHP Notice:  Undefined variable: estProfitStr in /home/vaulbmln/public_html/pages/home.php on line 511
[26-Jan-2026 04:23:11 UTC] PHP Notice:  Undefined variable: vpStr in /home/vaulbmln/public_html/pages/home.php on line 515
[26-Jan-2026 04:23:11 UTC] PHP Notice:  Undefined variable: lpStr in /home/vaulbmln/public_html/pages/home.php on line 519
[26-Jan-2026 04:23:11 UTC] PHP Notice:  Undefined variable: typeStr in /home/vaulbmln/public_html/pages/home.php on line 524
[26-Jan-2026 04:23:11 UTC] PHP Notice:  Undefined variable: evolveStr in /home/vaulbmln/public_html/pages/home.php on line 525
[26-Jan-2026 04:23:11 UTC] PHP Notice:  Undefined variable: estTotalStr in /home/vaulbmln/public_html/pages/home.php on line 526
[26-Jan-2026 04:23:11 UTC] PHP Notice:  Undefined variable: loreText in /home/vaulbmln/public_html/pages/home.php on line 529
[26-Jan-2026 04:23:11 UTC] PHP Notice:  Undefined variable: loreText in /home/vaulbmln/public_html/pages/home.php on line 532
[26-Jan-2026 04:23:11 UTC] PHP Notice:  Undefined variable: cycleStr in /home/vaulbmln/public_html/pages/home.php on line 472
[26-Jan-2026 04:23:11 UTC] PHP Notice:  Undefined variable: dailyPctStr in /home/vaulbmln/public_html/pages/home.php on line 473
[26-Jan-2026 04:23:11 UTC] PHP Notice:  Undefined variable: minMaxStr in /home/vaulbmln/public_html/pages/home.php on line 474
[26-Jan-2026 04:23:11 UTC] PHP Notice:  Undefined variable: roiStr in /home/vaulbmln/public_html/pages/home.php on line 475
[26-Jan-2026 04:23:11 UTC] PHP Notice:  Undefined variable: dailyPctStr in /home/vaulbmln/public_html/pages/home.php on line 499
[26-Jan-2026 04:23:11 UTC] PHP Notice:  Undefined variable: cycleStr in /home/vaulbmln/public_html/pages/home.php on line 503
[26-Jan-2026 04:23:11 UTC] PHP Notice:  Undefined variable: totalRoiStr in /home/vaulbmln/public_html/pages/home.php on line 507
[26-Jan-2026 04:23:11 UTC] PHP Notice:  Undefined variable: estProfitStr in /home/vaulbmln/public_html/pages/home.php on line 511
[26-Jan-2026 04:23:11 UTC] PHP Notice:  Undefined variable: vpStr in /home/vaulbmln/public_html/pages/home.php on line 515
[26-Jan-2026 04:23:11 UTC] PHP Notice:  Undefined variable: lpStr in /home/vaulbmln/public_html/pages/home.php on line 519
[26-Jan-2026 04:23:11 UTC] PHP Notice:  Undefined variable: typeStr in /home/vaulbmln/public_html/pages/home.php on line 524
[26-Jan-2026 04:23:11 UTC] PHP Notice:  Undefined variable: evolveStr in /home/vaulbmln/public_html/pages/home.php on line 525
[26-Jan-2026 04:23:11 UTC] PHP Notice:  Undefined variable: estTotalStr in /home/vaulbmln/public_html/pages/home.php on line 526
[26-Jan-2026 04:23:11 UTC] PHP Notice:  Undefined variable: loreText in /home/vaulbmln/public_html/pages/home.php on line 529
[26-Jan-2026 04:23:11 UTC] PHP Notice:  Undefined variable: loreText in /home/vaulbmln/public_html/pages/home.php on line 532
[26-Jan-2026 04:23:11 UTC] PHP Notice:  Undefined variable: cycleStr in /home/vaulbmln/public_html/pages/home.php on line 472
[26-Jan-2026 04:23:11 UTC] PHP Notice:  Undefined variable: dailyPctStr in /home/vaulbmln/public_html/pages/home.php on line 473
[26-Jan-2026 04:23:11 UTC] PHP Notice:  Undefined variable: minMaxStr in /home/vaulbmln/public_html/pages/home.php on line 474
[26-Jan-2026 04:23:11 UTC] PHP Notice:  Undefined variable: roiStr in /home/vaulbmln/public_html/pages/home.php on line 475
[26-Jan-2026 04:23:11 UTC] PHP Notice:  Undefined variable: dailyPctStr in /home/vaulbmln/public_html/pages/home.php on line 499
[26-Jan-2026 04:23:11 UTC] PHP Notice:  Undefined variable: cycleStr in /home/vaulbmln/public_html/pages/home.php on line 503
[26-Jan-2026 04:23:11 UTC] PHP Notice:  Undefined variable: totalRoiStr in /home/vaulbmln/public_html/pages/home.php on line 507
[26-Jan-2026 04:23:11 UTC] PHP Notice:  Undefined variable: estProfitStr in /home/vaulbmln/public_html/pages/home.php on line 511
[26-Jan-2026 04:23:11 UTC] PHP Notice:  Undefined variable: vpStr in /home/vaulbmln/public_html/pages/home.php on line 515
[26-Jan-2026 04:23:11 UTC] PHP Notice:  Undefined variable: lpStr in /home/vaulbmln/public_html/pages/home.php on line 519
[26-Jan-2026 04:23:11 UTC] PHP Notice:  Undefined variable: typeStr in /home/vaulbmln/public_html/pages/home.php on line 524
[26-Jan-2026 04:23:11 UTC] PHP Notice:  Undefined variable: evolveStr in /home/vaulbmln/public_html/pages/home.php on line 525
[26-Jan-2026 04:23:11 UTC] PHP Notice:  Undefined variable: estTotalStr in /home/vaulbmln/public_html/pages/home.php on line 526
[26-Jan-2026 04:23:11 UTC] PHP Notice:  Undefined variable: loreText in /home/vaulbmln/public_html/pages/home.php on line 529
[26-Jan-2026 04:23:11 UTC] PHP Notice:  Undefined variable: loreText in /home/vaulbmln/public_html/pages/home.php on line 532
[26-Jan-2026 04:23:11 UTC] PHP Notice:  Undefined variable: cycleStr in /home/vaulbmln/public_html/pages/home.php on line 472
[26-Jan-2026 04:23:11 UTC] PHP Notice:  Undefined variable: dailyPctStr in /home/vaulbmln/public_html/pages/home.php on line 473
[26-Jan-2026 04:23:11 UTC] PHP Notice:  Undefined variable: minMaxStr in /home/vaulbmln/public_html/pages/home.php on line 474
[26-Jan-2026 04:23:11 UTC] PHP Notice:  Undefined variable: roiStr in /home/vaulbmln/public_html/pages/home.php on line 475
[26-Jan-2026 04:23:11 UTC] PHP Notice:  Undefined variable: dailyPctStr in /home/vaulbmln/public_html/pages/home.php on line 499
[26-Jan-2026 04:23:11 UTC] PHP Notice:  Undefined variable: cycleStr in /home/vaulbmln/public_html/pages/home.php on line 503
[26-Jan-2026 04:23:11 UTC] PHP Notice:  Undefined variable: totalRoiStr in /home/vaulbmln/public_html/pages/home.php on line 507
[26-Jan-2026 04:23:11 UTC] PHP Notice:  Undefined variable: estProfitStr in /home/vaulbmln/public_html/pages/home.php on line 511
[26-Jan-2026 04:23:11 UTC] PHP Notice:  Undefined variable: vpStr in /home/vaulbmln/public_html/pages/home.php on line 515
[26-Jan-2026 04:23:11 UTC] PHP Notice:  Undefined variable: lpStr in /home/vaulbmln/public_html/pages/home.php on line 519
[26-Jan-2026 04:23:11 UTC] PHP Notice:  Undefined variable: typeStr in /home/vaulbmln/public_html/pages/home.php on line 524
[26-Jan-2026 04:23:11 UTC] PHP Notice:  Undefined variable: evolveStr in /home/vaulbmln/public_html/pages/home.php on line 525
[26-Jan-2026 04:23:11 UTC] PHP Notice:  Undefined variable: estTotalStr in /home/vaulbmln/public_html/pages/home.php on line 526
[26-Jan-2026 04:23:11 UTC] PHP Notice:  Undefined variable: loreText in /home/vaulbmln/public_html/pages/home.php on line 529
[26-Jan-2026 04:23:11 UTC] PHP Notice:  Undefined variable: loreText in /home/vaulbmln/public_html/pages/home.php on line 532
[26-Jan-2026 04:23:11 UTC] PHP Notice:  Undefined variable: cycleStr in /home/vaulbmln/public_html/pages/home.php on line 472
[26-Jan-2026 04:23:11 UTC] PHP Notice:  Undefined variable: dailyPctStr in /home/vaulbmln/public_html/pages/home.php on line 473
[26-Jan-2026 04:23:11 UTC] PHP Notice:  Undefined variable: minMaxStr in /home/vaulbmln/public_html/pages/home.php on line 474
[26-Jan-2026 04:23:11 UTC] PHP Notice:  Undefined variable: roiStr in /home/vaulbmln/public_html/pages/home.php on line 475
[26-Jan-2026 04:23:11 UTC] PHP Notice:  Undefined variable: dailyPctStr in /home/vaulbmln/public_html/pages/home.php on line 499
[26-Jan-2026 04:23:11 UTC] PHP Notice:  Undefined variable: cycleStr in /home/vaulbmln/public_html/pages/home.php on line 503
[26-Jan-2026 04:23:11 UTC] PHP Notice:  Undefined variable: totalRoiStr in /home/vaulbmln/public_html/pages/home.php on line 507
[26-Jan-2026 04:23:11 UTC] PHP Notice:  Undefined variable: estProfitStr in /home/vaulbmln/public_html/pages/home.php on line 511
[26-Jan-2026 04:23:11 UTC] PHP Notice:  Undefined variable: vpStr in /home/vaulbmln/public_html/pages/home.php on line 515
[26-Jan-2026 04:23:11 UTC] PHP Notice:  Undefined variable: lpStr in /home/vaulbmln/public_html/pages/home.php on line 519
[26-Jan-2026 04:23:11 UTC] PHP Notice:  Undefined variable: typeStr in /home/vaulbmln/public_html/pages/home.php on line 524
[26-Jan-2026 04:23:11 UTC] PHP Notice:  Undefined variable: evolveStr in /home/vaulbmln/public_html/pages/home.php on line 525
[26-Jan-2026 04:23:11 UTC] PHP Notice:  Undefined variable: estTotalStr in /home/vaulbmln/public_html/pages/home.php on line 526
[26-Jan-2026 04:23:11 UTC] PHP Notice:  Undefined variable: loreText in /home/vaulbmln/public_html/pages/home.php on line 529
[26-Jan-2026 04:23:11 UTC] PHP Notice:  Undefined variable: loreText in /home/vaulbmln/public_html/pages/home.php on line 532
[26-Jan-2026 04:23:11 UTC] PHP Notice:  Undefined variable: cycleStr in /home/vaulbmln/public_html/pages/home.php on line 472
[26-Jan-2026 04:23:11 UTC] PHP Notice:  Undefined variable: dailyPctStr in /home/vaulbmln/public_html/pages/home.php on line 473
[26-Jan-2026 04:23:11 UTC] PHP Notice:  Undefined variable: minMaxStr in /home/vaulbmln/public_html/pages/home.php on line 474
[26-Jan-2026 04:23:11 UTC] PHP Notice:  Undefined variable: roiStr in /home/vaulbmln/public_html/pages/home.php on line 475
[26-Jan-2026 04:23:11 UTC] PHP Notice:  Undefined variable: dailyPctStr in /home/vaulbmln/public_html/pages/home.php on line 499
[26-Jan-2026 04:23:11 UTC] PHP Notice:  Undefined variable: cycleStr in /home/vaulbmln/public_html/pages/home.php on line 503
[26-Jan-2026 04:23:11 UTC] PHP Notice:  Undefined variable: totalRoiStr in /home/vaulbmln/public_html/pages/home.php on line 507
[26-Jan-2026 04:23:11 UTC] PHP Notice:  Undefined variable: estProfitStr in /home/vaulbmln/public_html/pages/home.php on line 511
[26-Jan-2026 04:23:11 UTC] PHP Notice:  Undefined variable: vpStr in /home/vaulbmln/public_html/pages/home.php on line 515
[26-Jan-2026 04:23:11 UTC] PHP Notice:  Undefined variable: lpStr in /home/vaulbmln/public_html/pages/home.php on line 519
[26-Jan-2026 04:23:11 UTC] PHP Notice:  Undefined variable: typeStr in /home/vaulbmln/public_html/pages/home.php on line 524
[26-Jan-2026 04:23:11 UTC] PHP Notice:  Undefined variable: evolveStr in /home/vaulbmln/public_html/pages/home.php on line 525
[26-Jan-2026 04:23:11 UTC] PHP Notice:  Undefined variable: estTotalStr in /home/vaulbmln/public_html/pages/home.php on line 526
[26-Jan-2026 04:23:11 UTC] PHP Notice:  Undefined variable: loreText in /home/vaulbmln/public_html/pages/home.php on line 529
[26-Jan-2026 04:23:11 UTC] PHP Notice:  Undefined variable: loreText in /home/vaulbmln/public_html/pages/home.php on line 532
[26-Jan-2026 04:23:11 UTC] PHP Notice:  Undefined variable: cycleStr in /home/vaulbmln/public_html/pages/home.php on line 472
[26-Jan-2026 04:23:11 UTC] PHP Notice:  Undefined variable: dailyPctStr in /home/vaulbmln/public_html/pages/home.php on line 473
[26-Jan-2026 04:23:11 UTC] PHP Notice:  Undefined variable: minMaxStr in /home/vaulbmln/public_html/pages/home.php on line 474
[26-Jan-2026 04:23:11 UTC] PHP Notice:  Undefined variable: roiStr in /home/vaulbmln/public_html/pages/home.php on line 475
[26-Jan-2026 04:23:11 UTC] PHP Notice:  Undefined variable: dailyPctStr in /home/vaulbmln/public_html/pages/home.php on line 499
[26-Jan-2026 04:23:11 UTC] PHP Notice:  Undefined variable: cycleStr in /home/vaulbmln/public_html/pages/home.php on line 503
[26-Jan-2026 04:23:11 UTC] PHP Notice:  Undefined variable: totalRoiStr in /home/vaulbmln/public_html/pages/home.php on line 507
[26-Jan-2026 04:23:11 UTC] PHP Notice:  Undefined variable: estProfitStr in /home/vaulbmln/public_html/pages/home.php on line 511
[26-Jan-2026 04:23:11 UTC] PHP Notice:  Undefined variable: vpStr in /home/vaulbmln/public_html/pages/home.php on line 515
[26-Jan-2026 04:23:11 UTC] PHP Notice:  Undefined variable: lpStr in /home/vaulbmln/public_html/pages/home.php on line 519
[26-Jan-2026 04:23:11 UTC] PHP Notice:  Undefined variable: typeStr in /home/vaulbmln/public_html/pages/home.php on line 524
[26-Jan-2026 04:23:11 UTC] PHP Notice:  Undefined variable: evolveStr in /home/vaulbmln/public_html/pages/home.php on line 525
[26-Jan-2026 04:23:11 UTC] PHP Notice:  Undefined variable: estTotalStr in /home/vaulbmln/public_html/pages/home.php on line 526
[26-Jan-2026 04:23:11 UTC] PHP Notice:  Undefined variable: loreText in /home/vaulbmln/public_html/pages/home.php on line 529
[26-Jan-2026 04:23:11 UTC] PHP Notice:  Undefined variable: loreText in /home/vaulbmln/public_html/pages/home.php on line 532
[26-Jan-2026 04:23:18 UTC] PHP Notice:  Undefined variable: cycleStr in /home/vaulbmln/public_html/pages/home.php on line 472
[26-Jan-2026 04:23:18 UTC] PHP Notice:  Undefined variable: dailyPctStr in /home/vaulbmln/public_html/pages/home.php on line 473
[26-Jan-2026 04:23:18 UTC] PHP Notice:  Undefined variable: minMaxStr in /home/vaulbmln/public_html/pages/home.php on line 474
[26-Jan-2026 04:23:18 UTC] PHP Notice:  Undefined variable: roiStr in /home/vaulbmln/public_html/pages/home.php on line 475
[26-Jan-2026 04:23:18 UTC] PHP Notice:  Undefined variable: dailyPctStr in /home/vaulbmln/public_html/pages/home.php on line 499
[26-Jan-2026 04:23:18 UTC] PHP Notice:  Undefined variable: cycleStr in /home/vaulbmln/public_html/pages/home.php on line 503
[26-Jan-2026 04:23:18 UTC] PHP Notice:  Undefined variable: totalRoiStr in /home/vaulbmln/public_html/pages/home.php on line 507
[26-Jan-2026 04:23:18 UTC] PHP Notice:  Undefined variable: estProfitStr in /home/vaulbmln/public_html/pages/home.php on line 511
[26-Jan-2026 04:23:18 UTC] PHP Notice:  Undefined variable: vpStr in /home/vaulbmln/public_html/pages/home.php on line 515
[26-Jan-2026 04:23:18 UTC] PHP Notice:  Undefined variable: lpStr in /home/vaulbmln/public_html/pages/home.php on line 519
[26-Jan-2026 04:23:18 UTC] PHP Notice:  Undefined variable: typeStr in /home/vaulbmln/public_html/pages/home.php on line 524
[26-Jan-2026 04:23:18 UTC] PHP Notice:  Undefined variable: evolveStr in /home/vaulbmln/public_html/pages/home.php on line 525
[26-Jan-2026 04:23:18 UTC] PHP Notice:  Undefined variable: estTotalStr in /home/vaulbmln/public_html/pages/home.php on line 526
[26-Jan-2026 04:23:18 UTC] PHP Notice:  Undefined variable: loreText in /home/vaulbmln/public_html/pages/home.php on line 529
[26-Jan-2026 04:23:18 UTC] PHP Notice:  Undefined variable: loreText in /home/vaulbmln/public_html/pages/home.php on line 532
[26-Jan-2026 04:23:18 UTC] PHP Notice:  Undefined variable: cycleStr in /home/vaulbmln/public_html/pages/home.php on line 472
[26-Jan-2026 04:23:18 UTC] PHP Notice:  Undefined variable: dailyPctStr in /home/vaulbmln/public_html/pages/home.php on line 473
[26-Jan-2026 04:23:18 UTC] PHP Notice:  Undefined variable: minMaxStr in /home/vaulbmln/public_html/pages/home.php on line 474
[26-Jan-2026 04:23:18 UTC] PHP Notice:  Undefined variable: roiStr in /home/vaulbmln/public_html/pages/home.php on line 475
[26-Jan-2026 04:23:18 UTC] PHP Notice:  Undefined variable: dailyPctStr in /home/vaulbmln/public_html/pages/home.php on line 499
[26-Jan-2026 04:23:18 UTC] PHP Notice:  Undefined variable: cycleStr in /home/vaulbmln/public_html/pages/home.php on line 503
[26-Jan-2026 04:23:18 UTC] PHP Notice:  Undefined variable: totalRoiStr in /home/vaulbmln/public_html/pages/home.php on line 507
[26-Jan-2026 04:23:18 UTC] PHP Notice:  Undefined variable: estProfitStr in /home/vaulbmln/public_html/pages/home.php on line 511
[26-Jan-2026 04:23:18 UTC] PHP Notice:  Undefined variable: vpStr in /home/vaulbmln/public_html/pages/home.php on line 515
[26-Jan-2026 04:23:18 UTC] PHP Notice:  Undefined variable: lpStr in /home/vaulbmln/public_html/pages/home.php on line 519
[26-Jan-2026 04:23:18 UTC] PHP Notice:  Undefined variable: typeStr in /home/vaulbmln/public_html/pages/home.php on line 524
[26-Jan-2026 04:23:18 UTC] PHP Notice:  Undefined variable: evolveStr in /home/vaulbmln/public_html/pages/home.php on line 525
[26-Jan-2026 04:23:18 UTC] PHP Notice:  Undefined variable: estTotalStr in /home/vaulbmln/public_html/pages/home.php on line 526
[26-Jan-2026 04:23:18 UTC] PHP Notice:  Undefined variable: loreText in /home/vaulbmln/public_html/pages/home.php on line 529
[26-Jan-2026 04:23:18 UTC] PHP Notice:  Undefined variable: loreText in /home/vaulbmln/public_html/pages/home.php on line 532
[26-Jan-2026 04:23:18 UTC] PHP Notice:  Undefined variable: cycleStr in /home/vaulbmln/public_html/pages/home.php on line 472
[26-Jan-2026 04:23:18 UTC] PHP Notice:  Undefined variable: dailyPctStr in /home/vaulbmln/public_html/pages/home.php on line 473
[26-Jan-2026 04:23:18 UTC] PHP Notice:  Undefined variable: minMaxStr in /home/vaulbmln/public_html/pages/home.php on line 474
[26-Jan-2026 04:23:18 UTC] PHP Notice:  Undefined variable: roiStr in /home/vaulbmln/public_html/pages/home.php on line 475
[26-Jan-2026 04:23:18 UTC] PHP Notice:  Undefined variable: dailyPctStr in /home/vaulbmln/public_html/pages/home.php on line 499
[26-Jan-2026 04:23:18 UTC] PHP Notice:  Undefined variable: cycleStr in /home/vaulbmln/public_html/pages/home.php on line 503
[26-Jan-2026 04:23:18 UTC] PHP Notice:  Undefined variable: totalRoiStr in /home/vaulbmln/public_html/pages/home.php on line 507
[26-Jan-2026 04:23:18 UTC] PHP Notice:  Undefined variable: estProfitStr in /home/vaulbmln/public_html/pages/home.php on line 511
[26-Jan-2026 04:23:18 UTC] PHP Notice:  Undefined variable: vpStr in /home/vaulbmln/public_html/pages/home.php on line 515
[26-Jan-2026 04:23:18 UTC] PHP Notice:  Undefined variable: lpStr in /home/vaulbmln/public_html/pages/home.php on line 519
[26-Jan-2026 04:23:18 UTC] PHP Notice:  Undefined variable: typeStr in /home/vaulbmln/public_html/pages/home.php on line 524
[26-Jan-2026 04:23:18 UTC] PHP Notice:  Undefined variable: evolveStr in /home/vaulbmln/public_html/pages/home.php on line 525
[26-Jan-2026 04:23:18 UTC] PHP Notice:  Undefined variable: estTotalStr in /home/vaulbmln/public_html/pages/home.php on line 526
[26-Jan-2026 04:23:18 UTC] PHP Notice:  Undefined variable: loreText in /home/vaulbmln/public_html/pages/home.php on line 529
[26-Jan-2026 04:23:18 UTC] PHP Notice:  Undefined variable: loreText in /home/vaulbmln/public_html/pages/home.php on line 532
[26-Jan-2026 04:23:18 UTC] PHP Notice:  Undefined variable: cycleStr in /home/vaulbmln/public_html/pages/home.php on line 472
[26-Jan-2026 04:23:18 UTC] PHP Notice:  Undefined variable: dailyPctStr in /home/vaulbmln/public_html/pages/home.php on line 473
[26-Jan-2026 04:23:18 UTC] PHP Notice:  Undefined variable: minMaxStr in /home/vaulbmln/public_html/pages/home.php on line 474
[26-Jan-2026 04:23:18 UTC] PHP Notice:  Undefined variable: roiStr in /home/vaulbmln/public_html/pages/home.php on line 475
[26-Jan-2026 04:23:18 UTC] PHP Notice:  Undefined variable: dailyPctStr in /home/vaulbmln/public_html/pages/home.php on line 499
[26-Jan-2026 04:23:18 UTC] PHP Notice:  Undefined variable: cycleStr in /home/vaulbmln/public_html/pages/home.php on line 503
[26-Jan-2026 04:23:18 UTC] PHP Notice:  Undefined variable: totalRoiStr in /home/vaulbmln/public_html/pages/home.php on line 507
[26-Jan-2026 04:23:18 UTC] PHP Notice:  Undefined variable: estProfitStr in /home/vaulbmln/public_html/pages/home.php on line 511
[26-Jan-2026 04:23:18 UTC] PHP Notice:  Undefined variable: vpStr in /home/vaulbmln/public_html/pages/home.php on line 515
[26-Jan-2026 04:23:18 UTC] PHP Notice:  Undefined variable: lpStr in /home/vaulbmln/public_html/pages/home.php on line 519
[26-Jan-2026 04:23:18 UTC] PHP Notice:  Undefined variable: typeStr in /home/vaulbmln/public_html/pages/home.php on line 524
[26-Jan-2026 04:23:18 UTC] PHP Notice:  Undefined variable: evolveStr in /home/vaulbmln/public_html/pages/home.php on line 525
[26-Jan-2026 04:23:18 UTC] PHP Notice:  Undefined variable: estTotalStr in /home/vaulbmln/public_html/pages/home.php on line 526
[26-Jan-2026 04:23:18 UTC] PHP Notice:  Undefined variable: loreText in /home/vaulbmln/public_html/pages/home.php on line 529
[26-Jan-2026 04:23:18 UTC] PHP Notice:  Undefined variable: loreText in /home/vaulbmln/public_html/pages/home.php on line 532
[26-Jan-2026 04:23:18 UTC] PHP Notice:  Undefined variable: cycleStr in /home/vaulbmln/public_html/pages/home.php on line 472
[26-Jan-2026 04:23:18 UTC] PHP Notice:  Undefined variable: dailyPctStr in /home/vaulbmln/public_html/pages/home.php on line 473
[26-Jan-2026 04:23:18 UTC] PHP Notice:  Undefined variable: minMaxStr in /home/vaulbmln/public_html/pages/home.php on line 474
[26-Jan-2026 04:23:18 UTC] PHP Notice:  Undefined variable: roiStr in /home/vaulbmln/public_html/pages/home.php on line 475
[26-Jan-2026 04:23:18 UTC] PHP Notice:  Undefined variable: dailyPctStr in /home/vaulbmln/public_html/pages/home.php on line 499
[26-Jan-2026 04:23:18 UTC] PHP Notice:  Undefined variable: cycleStr in /home/vaulbmln/public_html/pages/home.php on line 503
[26-Jan-2026 04:23:18 UTC] PHP Notice:  Undefined variable: totalRoiStr in /home/vaulbmln/public_html/pages/home.php on line 507
[26-Jan-2026 04:23:18 UTC] PHP Notice:  Undefined variable: estProfitStr in /home/vaulbmln/public_html/pages/home.php on line 511
[26-Jan-2026 04:23:18 UTC] PHP Notice:  Undefined variable: vpStr in /home/vaulbmln/public_html/pages/home.php on line 515
[26-Jan-2026 04:23:18 UTC] PHP Notice:  Undefined variable: lpStr in /home/vaulbmln/public_html/pages/home.php on line 519
[26-Jan-2026 04:23:18 UTC] PHP Notice:  Undefined variable: typeStr in /home/vaulbmln/public_html/pages/home.php on line 524
[26-Jan-2026 04:23:18 UTC] PHP Notice:  Undefined variable: evolveStr in /home/vaulbmln/public_html/pages/home.php on line 525
[26-Jan-2026 04:23:18 UTC] PHP Notice:  Undefined variable: estTotalStr in /home/vaulbmln/public_html/pages/home.php on line 526
[26-Jan-2026 04:23:18 UTC] PHP Notice:  Undefined variable: loreText in /home/vaulbmln/public_html/pages/home.php on line 529
[26-Jan-2026 04:23:18 UTC] PHP Notice:  Undefined variable: loreText in /home/vaulbmln/public_html/pages/home.php on line 532
[26-Jan-2026 04:23:18 UTC] PHP Notice:  Undefined variable: cycleStr in /home/vaulbmln/public_html/pages/home.php on line 472
[26-Jan-2026 04:23:18 UTC] PHP Notice:  Undefined variable: dailyPctStr in /home/vaulbmln/public_html/pages/home.php on line 473
[26-Jan-2026 04:23:18 UTC] PHP Notice:  Undefined variable: minMaxStr in /home/vaulbmln/public_html/pages/home.php on line 474
[26-Jan-2026 04:23:18 UTC] PHP Notice:  Undefined variable: roiStr in /home/vaulbmln/public_html/pages/home.php on line 475
[26-Jan-2026 04:23:18 UTC] PHP Notice:  Undefined variable: dailyPctStr in /home/vaulbmln/public_html/pages/home.php on line 499
[26-Jan-2026 04:23:18 UTC] PHP Notice:  Undefined variable: cycleStr in /home/vaulbmln/public_html/pages/home.php on line 503
[26-Jan-2026 04:23:18 UTC] PHP Notice:  Undefined variable: totalRoiStr in /home/vaulbmln/public_html/pages/home.php on line 507
[26-Jan-2026 04:23:18 UTC] PHP Notice:  Undefined variable: estProfitStr in /home/vaulbmln/public_html/pages/home.php on line 511
[26-Jan-2026 04:23:18 UTC] PHP Notice:  Undefined variable: vpStr in /home/vaulbmln/public_html/pages/home.php on line 515
[26-Jan-2026 04:23:18 UTC] PHP Notice:  Undefined variable: lpStr in /home/vaulbmln/public_html/pages/home.php on line 519
[26-Jan-2026 04:23:18 UTC] PHP Notice:  Undefined variable: typeStr in /home/vaulbmln/public_html/pages/home.php on line 524
[26-Jan-2026 04:23:18 UTC] PHP Notice:  Undefined variable: evolveStr in /home/vaulbmln/public_html/pages/home.php on line 525
[26-Jan-2026 04:23:18 UTC] PHP Notice:  Undefined variable: estTotalStr in /home/vaulbmln/public_html/pages/home.php on line 526
[26-Jan-2026 04:23:18 UTC] PHP Notice:  Undefined variable: loreText in /home/vaulbmln/public_html/pages/home.php on line 529
[26-Jan-2026 04:23:18 UTC] PHP Notice:  Undefined variable: loreText in /home/vaulbmln/public_html/pages/home.php on line 532
[26-Jan-2026 04:23:18 UTC] PHP Notice:  Undefined variable: cycleStr in /home/vaulbmln/public_html/pages/home.php on line 472
[26-Jan-2026 04:23:18 UTC] PHP Notice:  Undefined variable: dailyPctStr in /home/vaulbmln/public_html/pages/home.php on line 473
[26-Jan-2026 04:23:18 UTC] PHP Notice:  Undefined variable: minMaxStr in /home/vaulbmln/public_html/pages/home.php on line 474
[26-Jan-2026 04:23:18 UTC] PHP Notice:  Undefined variable: roiStr in /home/vaulbmln/public_html/pages/home.php on line 475
[26-Jan-2026 04:23:18 UTC] PHP Notice:  Undefined variable: dailyPctStr in /home/vaulbmln/public_html/pages/home.php on line 499
[26-Jan-2026 04:23:18 UTC] PHP Notice:  Undefined variable: cycleStr in /home/vaulbmln/public_html/pages/home.php on line 503
[26-Jan-2026 04:23:18 UTC] PHP Notice:  Undefined variable: totalRoiStr in /home/vaulbmln/public_html/pages/home.php on line 507
[26-Jan-2026 04:23:18 UTC] PHP Notice:  Undefined variable: estProfitStr in /home/vaulbmln/public_html/pages/home.php on line 511
[26-Jan-2026 04:23:18 UTC] PHP Notice:  Undefined variable: vpStr in /home/vaulbmln/public_html/pages/home.php on line 515
[26-Jan-2026 04:23:18 UTC] PHP Notice:  Undefined variable: lpStr in /home/vaulbmln/public_html/pages/home.php on line 519
[26-Jan-2026 04:23:18 UTC] PHP Notice:  Undefined variable: typeStr in /home/vaulbmln/public_html/pages/home.php on line 524
[26-Jan-2026 04:23:18 UTC] PHP Notice:  Undefined variable: evolveStr in /home/vaulbmln/public_html/pages/home.php on line 525
[26-Jan-2026 04:23:18 UTC] PHP Notice:  Undefined variable: estTotalStr in /home/vaulbmln/public_html/pages/home.php on line 526
[26-Jan-2026 04:23:18 UTC] PHP Notice:  Undefined variable: loreText in /home/vaulbmln/public_html/pages/home.php on line 529
[26-Jan-2026 04:23:18 UTC] PHP Notice:  Undefined variable: loreText in /home/vaulbmln/public_html/pages/home.php on line 532
[26-Jan-2026 04:23:18 UTC] PHP Notice:  Undefined variable: cycleStr in /home/vaulbmln/public_html/pages/home.php on line 472
[26-Jan-2026 04:23:18 UTC] PHP Notice:  Undefined variable: dailyPctStr in /home/vaulbmln/public_html/pages/home.php on line 473
[26-Jan-2026 04:23:18 UTC] PHP Notice:  Undefined variable: minMaxStr in /home/vaulbmln/public_html/pages/home.php on line 474
[26-Jan-2026 04:23:18 UTC] PHP Notice:  Undefined variable: roiStr in /home/vaulbmln/public_html/pages/home.php on line 475
[26-Jan-2026 04:23:18 UTC] PHP Notice:  Undefined variable: dailyPctStr in /home/vaulbmln/public_html/pages/home.php on line 499
[26-Jan-2026 04:23:18 UTC] PHP Notice:  Undefined variable: cycleStr in /home/vaulbmln/public_html/pages/home.php on line 503
[26-Jan-2026 04:23:18 UTC] PHP Notice:  Undefined variable: totalRoiStr in /home/vaulbmln/public_html/pages/home.php on line 507
[26-Jan-2026 04:23:18 UTC] PHP Notice:  Undefined variable: estProfitStr in /home/vaulbmln/public_html/pages/home.php on line 511
[26-Jan-2026 04:23:18 UTC] PHP Notice:  Undefined variable: vpStr in /home/vaulbmln/public_html/pages/home.php on line 515
[26-Jan-2026 04:23:18 UTC] PHP Notice:  Undefined variable: lpStr in /home/vaulbmln/public_html/pages/home.php on line 519
[26-Jan-2026 04:23:18 UTC] PHP Notice:  Undefined variable: typeStr in /home/vaulbmln/public_html/pages/home.php on line 524
[26-Jan-2026 04:23:18 UTC] PHP Notice:  Undefined variable: evolveStr in /home/vaulbmln/public_html/pages/home.php on line 525
[26-Jan-2026 04:23:18 UTC] PHP Notice:  Undefined variable: estTotalStr in /home/vaulbmln/public_html/pages/home.php on line 526
[26-Jan-2026 04:23:18 UTC] PHP Notice:  Undefined variable: loreText in /home/vaulbmln/public_html/pages/home.php on line 529
[26-Jan-2026 04:23:18 UTC] PHP Notice:  Undefined variable: loreText in /home/vaulbmln/public_html/pages/home.php on line 532
[26-Jan-2026 04:23:37 UTC] [VX_BOUNDARY] syntax error, unexpected 'endif' (T_ENDIF) @ /home/vaulbmln/public_html/pages/home.php:482
[26-Jan-2026 08:38:06 UTC] PHP Notice:  Undefined offset: 1 in /home/vaulbmln/public_html/pages/user/boost.php on line 514
[26-Jan-2026 08:38:06 UTC] PHP Notice:  Undefined offset: 1 in /home/vaulbmln/public_html/pages/user/boost.php on line 515
[26-Jan-2026 08:38:06 UTC] PHP Notice:  Undefined offset: 1 in /home/vaulbmln/public_html/pages/user/boost.php on line 514
[26-Jan-2026 08:38:06 UTC] PHP Notice:  Undefined offset: 1 in /home/vaulbmln/public_html/pages/user/boost.php on line 515
[26-Jan-2026 08:38:06 UTC] PHP Notice:  Undefined offset: 1 in /home/vaulbmln/public_html/pages/user/boost.php on line 514
[26-Jan-2026 08:38:06 UTC] PHP Notice:  Undefined offset: 1 in /home/vaulbmln/public_html/pages/user/boost.php on line 515
[26-Jan-2026 08:38:06 UTC] PHP Notice:  Undefined offset: 1 in /home/vaulbmln/public_html/pages/user/boost.php on line 514
[26-Jan-2026 08:38:06 UTC] PHP Notice:  Undefined offset: 1 in /home/vaulbmln/public_html/pages/user/boost.php on line 515
[26-Jan-2026 08:38:06 UTC] PHP Notice:  Undefined offset: 1 in /home/vaulbmln/public_html/pages/user/boost.php on line 514
[26-Jan-2026 08:38:06 UTC] PHP Notice:  Undefined offset: 1 in /home/vaulbmln/public_html/pages/user/boost.php on line 515
[26-Jan-2026 08:38:06 UTC] PHP Notice:  Undefined offset: 1 in /home/vaulbmln/public_html/pages/user/boost.php on line 514
[26-Jan-2026 08:38:06 UTC] PHP Notice:  Undefined offset: 1 in /home/vaulbmln/public_html/pages/user/boost.php on line 515
[26-Jan-2026 08:38:06 UTC] PHP Notice:  Undefined offset: 1 in /home/vaulbmln/public_html/pages/user/boost.php on line 514
[26-Jan-2026 08:38:06 UTC] PHP Notice:  Undefined offset: 1 in /home/vaulbmln/public_html/pages/user/boost.php on line 515
[26-Jan-2026 08:38:06 UTC] PHP Notice:  Undefined offset: 1 in /home/vaulbmln/public_html/pages/user/boost.php on line 514
[26-Jan-2026 08:38:06 UTC] PHP Notice:  Undefined offset: 1 in /home/vaulbmln/public_html/pages/user/boost.php on line 515
[30-Jan-2026 01:39:28 UTC] PHP Notice:  Undefined offset: 1 in /home/vaulbmln/public_html/pages/user/boost.php on line 523
[30-Jan-2026 01:39:28 UTC] PHP Notice:  Undefined offset: 1 in /home/vaulbmln/public_html/pages/user/boost.php on line 524
[30-Jan-2026 01:39:28 UTC] PHP Notice:  Undefined offset: 1 in /home/vaulbmln/public_html/pages/user/boost.php on line 523
[30-Jan-2026 01:39:28 UTC] PHP Notice:  Undefined offset: 1 in /home/vaulbmln/public_html/pages/user/boost.php on line 524
[30-Jan-2026 01:39:28 UTC] PHP Notice:  Undefined offset: 1 in /home/vaulbmln/public_html/pages/user/boost.php on line 523
[30-Jan-2026 01:39:28 UTC] PHP Notice:  Undefined offset: 1 in /home/vaulbmln/public_html/pages/user/boost.php on line 524
[30-Jan-2026 01:39:28 UTC] PHP Notice:  Undefined offset: 1 in /home/vaulbmln/public_html/pages/user/boost.php on line 523
[30-Jan-2026 01:39:28 UTC] PHP Notice:  Undefined offset: 1 in /home/vaulbmln/public_html/pages/user/boost.php on line 524
[30-Jan-2026 01:39:28 UTC] PHP Notice:  Undefined offset: 1 in /home/vaulbmln/public_html/pages/user/boost.php on line 523
[30-Jan-2026 01:39:28 UTC] PHP Notice:  Undefined offset: 1 in /home/vaulbmln/public_html/pages/user/boost.php on line 524
[30-Jan-2026 01:39:28 UTC] PHP Notice:  Undefined offset: 1 in /home/vaulbmln/public_html/pages/user/boost.php on line 523
[30-Jan-2026 01:39:28 UTC] PHP Notice:  Undefined offset: 1 in /home/vaulbmln/public_html/pages/user/boost.php on line 524
[30-Jan-2026 01:39:28 UTC] PHP Notice:  Undefined offset: 1 in /home/vaulbmln/public_html/pages/user/boost.php on line 523
[30-Jan-2026 01:39:28 UTC] PHP Notice:  Undefined offset: 1 in /home/vaulbmln/public_html/pages/user/boost.php on line 524
[30-Jan-2026 01:39:28 UTC] PHP Notice:  Undefined offset: 1 in /home/vaulbmln/public_html/pages/user/boost.php on line 523
[30-Jan-2026 01:39:28 UTC] PHP Notice:  Undefined offset: 1 in /home/vaulbmln/public_html/pages/user/boost.php on line 524
[03-Feb-2026 01:40:22 UTC] PHP Notice:  Undefined offset: 1 in /home/vaulbmln/public_html/pages/user/boost.php on line 523
[03-Feb-2026 01:40:22 UTC] PHP Notice:  Undefined offset: 1 in /home/vaulbmln/public_html/pages/user/boost.php on line 524
[03-Feb-2026 01:40:22 UTC] PHP Notice:  Undefined offset: 1 in /home/vaulbmln/public_html/pages/user/boost.php on line 523
[03-Feb-2026 01:40:22 UTC] PHP Notice:  Undefined offset: 1 in /home/vaulbmln/public_html/pages/user/boost.php on line 524
[03-Feb-2026 01:40:22 UTC] PHP Notice:  Undefined offset: 1 in /home/vaulbmln/public_html/pages/user/boost.php on line 523
[03-Feb-2026 01:40:22 UTC] PHP Notice:  Undefined offset: 1 in /home/vaulbmln/public_html/pages/user/boost.php on line 524
[03-Feb-2026 01:40:22 UTC] PHP Notice:  Undefined offset: 1 in /home/vaulbmln/public_html/pages/user/boost.php on line 523
[03-Feb-2026 01:40:22 UTC] PHP Notice:  Undefined offset: 1 in /home/vaulbmln/public_html/pages/user/boost.php on line 524
[03-Feb-2026 01:40:22 UTC] PHP Notice:  Undefined offset: 1 in /home/vaulbmln/public_html/pages/user/boost.php on line 523
[03-Feb-2026 01:40:22 UTC] PHP Notice:  Undefined offset: 1 in /home/vaulbmln/public_html/pages/user/boost.php on line 524
[03-Feb-2026 01:40:22 UTC] PHP Notice:  Undefined offset: 1 in /home/vaulbmln/public_html/pages/user/boost.php on line 523
[03-Feb-2026 01:40:22 UTC] PHP Notice:  Undefined offset: 1 in /home/vaulbmln/public_html/pages/user/boost.php on line 524
[03-Feb-2026 01:40:22 UTC] PHP Notice:  Undefined offset: 1 in /home/vaulbmln/public_html/pages/user/boost.php on line 523
[03-Feb-2026 01:40:22 UTC] PHP Notice:  Undefined offset: 1 in /home/vaulbmln/public_html/pages/user/boost.php on line 524
[03-Feb-2026 01:40:22 UTC] PHP Notice:  Undefined offset: 1 in /home/vaulbmln/public_html/pages/user/boost.php on line 523
[03-Feb-2026 01:40:22 UTC] PHP Notice:  Undefined offset: 1 in /home/vaulbmln/public_html/pages/user/boost.php on line 524
[03-Feb-2026 01:50:29 UTC] PHP Notice:  Undefined offset: 1 in /home/vaulbmln/public_html/pages/user/boost.php on line 523
[03-Feb-2026 01:50:29 UTC] PHP Notice:  Undefined offset: 1 in /home/vaulbmln/public_html/pages/user/boost.php on line 524
[03-Feb-2026 01:50:29 UTC] PHP Notice:  Undefined offset: 1 in /home/vaulbmln/public_html/pages/user/boost.php on line 523
[03-Feb-2026 01:50:29 UTC] PHP Notice:  Undefined offset: 1 in /home/vaulbmln/public_html/pages/user/boost.php on line 524
[03-Feb-2026 01:50:29 UTC] PHP Notice:  Undefined offset: 1 in /home/vaulbmln/public_html/pages/user/boost.php on line 523
[03-Feb-2026 01:50:29 UTC] PHP Notice:  Undefined offset: 1 in /home/vaulbmln/public_html/pages/user/boost.php on line 524
[03-Feb-2026 01:50:29 UTC] PHP Notice:  Undefined offset: 1 in /home/vaulbmln/public_html/pages/user/boost.php on line 523
[03-Feb-2026 01:50:29 UTC] PHP Notice:  Undefined offset: 1 in /home/vaulbmln/public_html/pages/user/boost.php on line 524
[03-Feb-2026 01:50:29 UTC] PHP Notice:  Undefined offset: 1 in /home/vaulbmln/public_html/pages/user/boost.php on line 523
[03-Feb-2026 01:50:29 UTC] PHP Notice:  Undefined offset: 1 in /home/vaulbmln/public_html/pages/user/boost.php on line 524
[03-Feb-2026 01:50:29 UTC] PHP Notice:  Undefined offset: 1 in /home/vaulbmln/public_html/pages/user/boost.php on line 523
[03-Feb-2026 01:50:29 UTC] PHP Notice:  Undefined offset: 1 in /home/vaulbmln/public_html/pages/user/boost.php on line 524
[03-Feb-2026 01:50:29 UTC] PHP Notice:  Undefined offset: 1 in /home/vaulbmln/public_html/pages/user/boost.php on line 523
[03-Feb-2026 01:50:29 UTC] PHP Notice:  Undefined offset: 1 in /home/vaulbmln/public_html/pages/user/boost.php on line 524
[03-Feb-2026 01:50:29 UTC] PHP Notice:  Undefined offset: 1 in /home/vaulbmln/public_html/pages/user/boost.php on line 523
[03-Feb-2026 01:50:29 UTC] PHP Notice:  Undefined offset: 1 in /home/vaulbmln/public_html/pages/user/boost.php on line 524
[07-Feb-2026 03:22:28 UTC] [VX_BOUNDARY] syntax error, unexpected end of file @ /home/vaulbmln/public_html/pages/home.php:276
[07-Feb-2026 03:37:25 UTC] PHP Notice:  Undefined variable: vx_daily_plans in /home/vaulbmln/public_html/pages/home.php on line 53
[07-Feb-2026 03:37:25 UTC] PHP Warning:  Invalid argument supplied for foreach() in /home/vaulbmln/public_html/pages/home.php on line 53
[07-Feb-2026 04:34:07 UTC] PHP Notice:  Undefined variable: vx_daily_plans in /home/vaulbmln/public_html/pages/home.php on line 98
[07-Feb-2026 04:34:07 UTC] PHP Warning:  Invalid argument supplied for foreach() in /home/vaulbmln/public_html/pages/home.php on line 98
[07-Feb-2026 04:34:42 UTC] PHP Notice:  Undefined variable: vx_daily_plans in /home/vaulbmln/public_html/pages/home.php on line 98
[07-Feb-2026 04:34:42 UTC] PHP Warning:  Invalid argument supplied for foreach() in /home/vaulbmln/public_html/pages/home.php on line 98
[07-Feb-2026 04:37:36 UTC] PHP Notice:  Undefined variable: vx_daily_plans in /home/vaulbmln/public_html/pages/home.php on line 98
[07-Feb-2026 04:37:36 UTC] PHP Warning:  Invalid argument supplied for foreach() in /home/vaulbmln/public_html/pages/home.php on line 98
[07-Feb-2026 04:39:04 UTC] PHP Notice:  Undefined variable: vx_daily_plans in /home/vaulbmln/public_html/pages/home.php on line 98
[07-Feb-2026 04:39:04 UTC] PHP Warning:  Invalid argument supplied for foreach() in /home/vaulbmln/public_html/pages/home.php on line 98
[07-Feb-2026 04:41:17 UTC] PHP Notice:  Undefined variable: vx_daily_plans in /home/vaulbmln/public_html/pages/home.php on line 98
[07-Feb-2026 04:41:17 UTC] PHP Warning:  Invalid argument supplied for foreach() in /home/vaulbmln/public_html/pages/home.php on line 98
[07-Feb-2026 04:47:56 UTC] PHP Notice:  Undefined offset: 1 in /home/vaulbmln/public_html/pages/user/boost.php on line 523
[07-Feb-2026 04:47:56 UTC] PHP Notice:  Undefined offset: 1 in /home/vaulbmln/public_html/pages/user/boost.php on line 524
[07-Feb-2026 04:47:56 UTC] PHP Notice:  Undefined offset: 1 in /home/vaulbmln/public_html/pages/user/boost.php on line 523
[07-Feb-2026 04:47:56 UTC] PHP Notice:  Undefined offset: 1 in /home/vaulbmln/public_html/pages/user/boost.php on line 524
[07-Feb-2026 04:47:56 UTC] PHP Notice:  Undefined offset: 1 in /home/vaulbmln/public_html/pages/user/boost.php on line 523
[07-Feb-2026 04:47:56 UTC] PHP Notice:  Undefined offset: 1 in /home/vaulbmln/public_html/pages/user/boost.php on line 524
[07-Feb-2026 04:47:56 UTC] PHP Notice:  Undefined offset: 1 in /home/vaulbmln/public_html/pages/user/boost.php on line 523
[07-Feb-2026 04:47:56 UTC] PHP Notice:  Undefined offset: 1 in /home/vaulbmln/public_html/pages/user/boost.php on line 524
[07-Feb-2026 04:47:56 UTC] PHP Notice:  Undefined offset: 1 in /home/vaulbmln/public_html/pages/user/boost.php on line 523
[07-Feb-2026 04:47:56 UTC] PHP Notice:  Undefined offset: 1 in /home/vaulbmln/public_html/pages/user/boost.php on line 524
[07-Feb-2026 04:47:56 UTC] PHP Notice:  Undefined offset: 1 in /home/vaulbmln/public_html/pages/user/boost.php on line 523
[07-Feb-2026 04:47:56 UTC] PHP Notice:  Undefined offset: 1 in /home/vaulbmln/public_html/pages/user/boost.php on line 524
[07-Feb-2026 04:47:56 UTC] PHP Notice:  Undefined offset: 1 in /home/vaulbmln/public_html/pages/user/boost.php on line 523
[07-Feb-2026 04:47:56 UTC] PHP Notice:  Undefined offset: 1 in /home/vaulbmln/public_html/pages/user/boost.php on line 524
[07-Feb-2026 04:47:56 UTC] PHP Notice:  Undefined offset: 1 in /home/vaulbmln/public_html/pages/user/boost.php on line 523
[07-Feb-2026 04:47:56 UTC] PHP Notice:  Undefined offset: 1 in /home/vaulbmln/public_html/pages/user/boost.php on line 524
[07-Feb-2026 04:52:32 UTC] [VX][DB] SQL prepare error: Table 'vaulbmln_core.db_user_guardians' doesn't exist | SQL: SELECT id FROM db_user_guardians WHERE user_id=? LIMIT 1
[07-Feb-2026 05:02:50 UTC] [VX][DB] SQL prepare error: Table 'vaulbmln_core.db_user_guardians' doesn't exist | SQL: SELECT id FROM db_user_guardians WHERE user_id=? LIMIT 1
[07-Feb-2026 05:06:20 UTC] [VX][DB] SQL prepare error: Table 'vaulbmln_core.db_user_guardians' doesn't exist | SQL: SELECT id FROM db_user_guardians WHERE user_id=? LIMIT 1
[07-Feb-2026 05:23:56 UTC] [VX][DB] SQL prepare error: Table 'vaulbmln_core.db_user_guardians' doesn't exist | SQL: SELECT id FROM db_user_guardians WHERE user_id=? LIMIT 1
[07-Feb-2026 05:24:14 UTC] PHP Notice:  Undefined offset: 1 in /home/vaulbmln/public_html/pages/user/boost.php on line 523
[07-Feb-2026 05:24:14 UTC] PHP Notice:  Undefined offset: 1 in /home/vaulbmln/public_html/pages/user/boost.php on line 524
[07-Feb-2026 05:24:14 UTC] PHP Notice:  Undefined offset: 1 in /home/vaulbmln/public_html/pages/user/boost.php on line 523
[07-Feb-2026 05:24:14 UTC] PHP Notice:  Undefined offset: 1 in /home/vaulbmln/public_html/pages/user/boost.php on line 524
[07-Feb-2026 05:24:14 UTC] PHP Notice:  Undefined offset: 1 in /home/vaulbmln/public_html/pages/user/boost.php on line 523
[07-Feb-2026 05:24:14 UTC] PHP Notice:  Undefined offset: 1 in /home/vaulbmln/public_html/pages/user/boost.php on line 524
[07-Feb-2026 05:24:14 UTC] PHP Notice:  Undefined offset: 1 in /home/vaulbmln/public_html/pages/user/boost.php on line 523
[07-Feb-2026 05:24:14 UTC] PHP Notice:  Undefined offset: 1 in /home/vaulbmln/public_html/pages/user/boost.php on line 524
[07-Feb-2026 05:24:14 UTC] PHP Notice:  Undefined offset: 1 in /home/vaulbmln/public_html/pages/user/boost.php on line 523
[07-Feb-2026 05:24:14 UTC] PHP Notice:  Undefined offset: 1 in /home/vaulbmln/public_html/pages/user/boost.php on line 524
[07-Feb-2026 05:24:14 UTC] PHP Notice:  Undefined offset: 1 in /home/vaulbmln/public_html/pages/user/boost.php on line 523
[07-Feb-2026 05:24:14 UTC] PHP Notice:  Undefined offset: 1 in /home/vaulbmln/public_html/pages/user/boost.php on line 524
[07-Feb-2026 05:24:14 UTC] PHP Notice:  Undefined offset: 1 in /home/vaulbmln/public_html/pages/user/boost.php on line 523
[07-Feb-2026 05:24:14 UTC] PHP Notice:  Undefined offset: 1 in /home/vaulbmln/public_html/pages/user/boost.php on line 524
[07-Feb-2026 05:24:14 UTC] PHP Notice:  Undefined offset: 1 in /home/vaulbmln/public_html/pages/user/boost.php on line 523
[07-Feb-2026 05:24:14 UTC] PHP Notice:  Undefined offset: 1 in /home/vaulbmln/public_html/pages/user/boost.php on line 524
[07-Feb-2026 05:24:20 UTC] [VX][DB] SQL prepare error: Table 'vaulbmln_core.db_user_guardians' doesn't exist | SQL: SELECT id FROM db_user_guardians WHERE user_id=? LIMIT 1
[07-Feb-2026 05:25:19 UTC] [VX][DB] SQL prepare error: Table 'vaulbmln_core.db_user_guardians' doesn't exist | SQL: SELECT id FROM db_user_guardians WHERE user_id=? LIMIT 1
[07-Feb-2026 05:37:48 UTC] [VX][DB] SQL prepare error: Table 'vaulbmln_core.db_user_guardians' doesn't exist | SQL: SELECT id FROM db_user_guardians WHERE user_id=? LIMIT 1
[07-Feb-2026 05:39:54 UTC] [VX][DB] SQL prepare error: Table 'vaulbmln_core.db_user_guardians' doesn't exist | SQL: SELECT id FROM db_user_guardians WHERE user_id=? LIMIT 1
[07-Feb-2026 05:40:46 UTC] [VX][DB] SQL prepare error: Table 'vaulbmln_core.db_user_guardians' doesn't exist | SQL: SELECT id FROM db_user_guardians WHERE user_id=? LIMIT 1
[07-Feb-2026 05:42:15 UTC] [VX][DB] SQL prepare error: Table 'vaulbmln_core.db_user_guardians' doesn't exist | SQL: SELECT id FROM db_user_guardians WHERE user_id=? LIMIT 1
[07-Feb-2026 05:44:21 UTC] [VX][DB] SQL prepare error: Table 'vaulbmln_core.db_user_guardians' doesn't exist | SQL: SELECT id FROM db_user_guardians WHERE user_id=? LIMIT 1
[07-Feb-2026 05:58:38 UTC] [VX][DB] SQL prepare error: Table 'vaulbmln_core.db_user_guardians' doesn't exist | SQL: SELECT id FROM db_user_guardians WHERE user_id=? LIMIT 1
[07-Feb-2026 06:01:12 UTC] [VX][DB] SQL prepare error: Table 'vaulbmln_core.db_user_guardians' doesn't exist | SQL: SELECT id FROM db_user_guardians WHERE user_id=? LIMIT 1
[07-Feb-2026 06:01:40 UTC] [VX][DB] SQL prepare error: Table 'vaulbmln_core.db_user_guardians' doesn't exist | SQL: SELECT id FROM db_user_guardians WHERE user_id=? LIMIT 1
[07-Feb-2026 06:15:54 UTC] [VX][DB] SQL prepare error: Table 'vaulbmln_core.db_user_guardians' doesn't exist | SQL: SELECT id FROM db_user_guardians WHERE user_id=? LIMIT 1
[07-Feb-2026 06:24:44 UTC] [VX][DB] SQL prepare error: Table 'vaulbmln_core.db_user_guardians' doesn't exist | SQL: SELECT id FROM db_user_guardians WHERE user_id=? LIMIT 1
[07-Feb-2026 06:26:03 UTC] [VX][DB] SQL prepare error: Table 'vaulbmln_core.db_user_guardians' doesn't exist | SQL: SELECT id FROM db_user_guardians WHERE user_id=? LIMIT 1
[07-Feb-2026 06:48:50 UTC] [VX][DB] SQL prepare error: Table 'vaulbmln_core.db_user_guardians' doesn't exist | SQL: SELECT id FROM db_user_guardians WHERE user_id=? LIMIT 1
